Vehicle_ID,Frame_ID,Total_Frames,Global_Time,Local_X,Local_Y,Global_X,Global_Y,v_Length,v_Width,v_Class,v_Vel,v_Acc,Lane_ID,Preceding,Following,Space_Headway,Time_Headway
1,12,884,1113433136100,16.884,48.213,6042842.116,2133117.662,14.3,6.4,2,12.5,0,2,0,0,0,0
1,13,884,1113433136200,16.938,49.463,6042842.012,2133118.909,14.3,6.4,2,12.5,0,2,0,0,0,0
1,14,884,1113433136300,16.991,50.712,6042841.908,2133120.155,14.3,6.4,2,12.5,0,2,0,0,0,0
1,15,884,1113433136400,17.045,51.963,6042841.805,2133121.402,14.3,6.4,2,12.5,0,2,0,0,0,0
1,16,884,1113433136500,17.098,53.213,6042841.701,2133122.649,14.3,6.4,2,12.5,0,2,0,0,0,0
1,17,884,1113433136600,17.151,54.463,6042841.597,2133123.895,14.3,6.4,2,12.49,-0.09,2,0,0,0,0
1,18,884,1113433136700,17.204,55.712,6042841.493,2133125.142,14.3,6.4,2,12.48,-0.08,2,0,0,0,0
1,19,884,1113433136800,17.257,56.956,6042841.389,2133126.389,14.3,6.4,2,12.52,0.55,2,0,0,0,0
1,20,884,1113433136900,17.33,58.199,6042841.306,2133127.628,14.3,6.4,2,12.67,2.21,2,0,0,0,0
1,21,884,1113433137000,17.289,59.463,6042841.107,2133128.871,14.3,6.4,2,13,4.43,2,0,0,0,0
1,22,884,1113433137100,17.197,60.776,6042840.852,2133130.155,14.3,6.4,2,13.49,5.64,2,0,0,0,0
1,23,884,1113433137200,17.027,62.157,6042840.51,2133131.507,14.3,6.4,2,13.98,4.77,2,0,0,0,0
1,24,884,1113433137300,16.863,63.592,6042840.166,2133132.922,14.3,6.4,2,14.36,2.84,2,0,0,0,0
1,25,884,1113433137400,16.752,65.054,6042839.872,2133134.362,14.3,6.4,2,14.58,1.17,2,0,0,0,0
1,26,884,1113433137500,16.731,66.526,6042839.67,2133135.799,14.3,6.4,2,14.64,0.08,2,0,0,0,0
1,27,884,1113433137600,16.682,67.993,6042839.442,2133137.232,14.3,6.4,2,14.62,-0.4,2,0,0,0,0
1,28,884,1113433137700,16.632,69.455,6042839.214,2133138.665,14.3,6.4,2,14.59,-0.54,2,0,0,0,0
1,29,884,1113433137800,16.583,70.913,6042838.987,2133140.098,14.3,6.4,2,14.52,-0.69,2,0,0,0,0
1,30,884,1113433137900,16.528,72.367,6042838.753,2133141.539,14.3,6.4,2,14.38,-1.71,2,0,0,0,0
1,31,884,1113433138000,16.478,73.809,6042838.525,2133142.971,14.3,6.4,2,14.13,-3.49,2,0,0,0,0
1,32,884,1113433138100,16.453,75.21,6042838.328,2133144.363,14.3,6.4,2,13.75,-4.36,2,0,0,0,0
1,33,884,1113433138200,16.462,76.559,6042838.171,2133145.699,14.3,6.4,2,13.37,-3.51,2,0,0,0,0
1,34,884,1113433138300,16.495,77.867,6042838.044,2133146.993,14.3,6.4,2,13.11,-1.72,2,0,0,0,0
1,35,884,1113433138400,16.534,79.159,6042837.924,2133148.279,14.3,6.4,2,13,-0.3,2,0,0,0,0
1,36,884,1113433138500,16.567,80.454,6042837.797,2133149.573,14.3,6.4,2,12.98,0.16,2,0,0,0,0
1,37,884,1113433138600,16.601,81.754,6042837.671,2133150.867,14.3,6.4,2,13,0.07,2,0,0,0,0
1,38,884,1113433138700,16.634,83.054,6042837.544,2133152.162,14.3,6.4,2,13,0,2,0,0,0,0
1,39,884,1113433138800,16.667,84.354,6042837.417,2133153.456,14.3,6.4,2,13,0,2,0,0,0,0
1,40,884,1113433138900,16.701,85.654,6042837.291,2133154.75,14.3,6.4,2,13,0,2,0,0,0,0
1,41,884,1113433139000,16.734,86.954,6042837.164,2133156.044,14.3,6.4,2,13,0,2,0,0,0,0
1,42,884,1113433139100,16.767,88.254,6042837.037,2133157.339,14.3,6.4,2,13,0,2,0,0,0,0
1,43,884,1113433139200,16.801,89.554,6042836.911,2133158.633,14.3,6.4,2,13,0,2,0,0,0,0
1,44,884,1113433139300,16.834,90.854,6042836.784,2133159.927,14.3,6.4,2,13,0,2,0,0,0,0
1,45,884,1113433139400,16.869,92.154,6042836.658,2133161.221,14.3,6.4,2,13,0,2,0,0,0,0
1,46,884,1113433139500,16.902,93.454,6042836.531,2133162.516,14.3,6.4,2,13,0,2,0,0,0,0
1,47,884,1113433139600,16.935,94.754,6042836.404,2133163.81,14.3,6.4,2,13,0,2,0,0,0,0
1,48,884,1113433139700,16.969,96.054,6042836.278,2133165.104,14.3,6.4,2,13,0,2,0,0,0,0
1,49,884,1113433139800,17.002,97.354,6042836.151,2133166.398,14.3,6.4,2,13,0,2,0,0,0,0
1,50,884,1113433139900,17.036,98.654,6042836.025,2133167.693,14.3,6.4,2,13,0,2,0,0,0,0
1,51,884,1113433140000,17.069,99.954,6042835.898,2133168.987,14.3,6.4,2,13,0,2,0,0,0,0
1,52,884,1113433140100,17.102,101.254,6042835.771,2133170.281,14.3,6.4,2,13,0,2,0,0,0,0
1,53,884,1113433140200,17.136,102.554,6042835.645,2133171.575,14.3,6.4,2,13,0,2,0,0,0,0
1,54,884,1113433140300,17.169,103.854,6042835.518,2133172.87,14.3,6.4,2,13,0,2,0,0,0,0
1,55,884,1113433140400,17.203,105.155,6042835.392,2133174.164,14.3,6.4,2,13,-0.06,2,0,0,0,0
1,56,884,1113433140500,17.236,106.455,6042835.265,2133175.458,14.3,6.4,2,12.98,-0.19,2,0,0,0,0
1,57,884,1113433140600,17.269,107.749,6042835.138,2133176.752,14.3,6.4,2,12.99,0.26,2,0,11,0,0
1,58,884,1113433140700,17.304,109.054,6042835.012,2133178.047,14.3,6.4,2,12.98,-0.33,2,0,11,0,0
1,59,884,1113433140800,17.338,110.379,6042834.885,2133179.341,14.3,6.4,2,12.67,-4.79,2,0,11,0,0
1,60,884,1113433140900,17.376,111.657,6042834.755,2133180.69,14.3,6.4,2,11.8,-11.2,2,0,11,0,0
1,61,884,1113433141000,17.393,112.747,6042834.628,2133181.847,14.3,6.4,2,10.31,-11.2,2,0,11,0,0
1,62,884,1113433141100,17.402,113.674,6042834.521,2133182.775,14.3,6.4,2,8.33,-11.2,2,0,11,0,0
1,63,884,1113433141200,17.412,114.413,6042834.44,2133183.503,14.3,6.4,2,6.36,-11.2,2,0,11,0,0
1,64,884,1113433141300,17.412,114.988,6042834.378,2133184.002,14.3,6.4,2,4.84,-11.2,2,0,11,0,0
1,65,884,1113433141400,17.394,115.375,6042834.321,2133184.309,14.3,6.4,2,3.96,-4.96,2,0,11,0,0
1,66,884,1113433141500,17.377,115.711,6042834.259,2133184.671,14.3,6.4,2,3.64,-0.28,2,0,11,0,0
1,67,884,1113433141600,17.361,116.067,6042834.197,2133185.033,14.3,6.4,2,3.64,0.49,2,0,11,0,0
1,68,884,1113433141700,17.345,116.437,6042834.136,2133185.395,14.3,6.4,2,3.67,0,2,0,11,0,0
1,69,884,1113433141800,17.328,116.804,6042834.074,2133185.757,14.3,6.4,2,3.67,0,2,0,11,0,0
1,70,884,1113433141900,17.312,117.17,6042834.013,2133186.118,14.3,6.4,2,3.67,0,2,0,11,0,0
1,71,884,1113433142000,17.296,117.537,6042833.951,2133186.48,14.3,6.4,2,3.67,0,2,0,11,0,0
1,72,884,1113433142100,17.28,117.903,6042833.89,2133186.842,14.3,6.4,2,3.67,0,2,0,11,0,0
1,73,884,1113433142200,17.263,118.27,6042833.828,2133187.204,14.3,6.4,2,3.67,0,2,0,11,0,0
1,74,884,1113433142300,17.247,118.637,6042833.766,2133187.566,14.3,6.4,2,3.67,0,2,0,11,0,0
1,75,884,1113433142400,17.231,119.004,6042833.705,2133187.928,14.3,6.4,2,3.67,0,2,0,11,0,0
1,76,884,1113433142500,17.214,119.37,6042833.643,2133188.289,14.3,6.4,2,3.67,0,2,0,11,0,0
1,77,884,1113433142600,17.199,119.737,6042833.582,2133188.651,14.3,6.4,2,3.67,0,2,0,11,0,0
1,78,884,1113433142700,17.182,120.104,6042833.52,2133189.013,14.3,6.4,2,3.67,0,2,0,11,0,0
1,79,884,1113433142800,17.165,120.47,6042833.458,2133189.375,14.3,6.4,2,3.67,0,2,0,11,0,0
1,80,884,1113433142900,17.15,120.837,6042833.397,2133189.737,14.3,6.4,2,3.67,0,2,0,11,0,0
1,81,884,1113433143000,17.133,121.204,6042833.335,2133190.099,14.3,6.4,2,3.67,0,2,0,11,0,0
1,82,884,1113433143100,17.117,121.57,6042833.274,2133190.46,14.3,6.4,2,3.67,0,2,0,11,0,0
1,83,884,1113433143200,17.101,121.937,6042833.212,2133190.822,14.3,6.4,2,3.67,0,2,0,11,0,0
1,84,884,1113433143300,17.085,122.304,6042833.151,2133191.184,14.3,6.4,2,3.67,0,2,0,11,0,0
1,85,884,1113433143400,17.068,122.67,6042833.089,2133191.546,14.3,6.4,2,3.67,0,2,0,11,0,0
1,86,884,1113433143500,17.052,123.037,6042833.027,2133191.908,14.3,6.4,2,3.67,0,2,0,11,0,0
1,87,884,1113433143600,17.036,123.403,6042832.966,2133192.27,14.3,6.4,2,3.67,0.08,2,0,11,0,0
1,88,884,1113433143700,17.019,123.772,6042832.904,2133192.632,14.3,6.4,2,3.68,0.02,2,0,11,0,0
1,89,884,1113433143800,17.004,124.143,6042832.843,2133192.993,14.3,6.4,2,3.64,-0.61,2,0,11,0,0
1,90,884,1113433143900,16.986,124.509,6042832.779,2133193.365,14.3,6.4,2,3.54,-1.38,2,0,11,0,0
1,91,884,1113433144000,16.97,124.854,6042832.719,2133193.712,14.3,6.4,2,3.44,-1.05,2,0,11,0,0
1,92,884,1113433144100,16.959,125.18,6042832.669,2133194.024,14.3,6.4,2,3.45,1.01,2,0,11,0,0
1,93,884,1113433144200,16.954,125.515,6042832.624,2133194.347,14.3,6.4,2,3.66,3.41,2,0,11,0,0
1,94,884,1113433144300,16.954,125.893,6042832.578,2133194.718,14.3,6.4,2,4.01,3.96,2,0,11,0,0
1,95,884,1113433144400,16.956,126.322,6042832.525,2133195.156,14.3,6.4,2,4.31,2.49,2,0,11,0,0
1,96,884,1113433144500,16.957,126.779,6042832.468,2133195.617,14.3,6.4,2,4.48,0.67,2,0,11,0,0
1,97,884,1113433144600,16.956,127.237,6042832.412,2133196.064,14.3,6.4,2,4.52,-0.17,2,0,11,0,0
1,98,884,1113433144700,16.957,127.688,6042832.357,2133196.51,14.3,6.4,2,4.51,-0.12,2,0,11,0,0
1,99,884,1113433144800,16.958,128.137,6042832.302,2133196.957,14.3,6.4,2,4.5,0,2,0,11,0,0
1,100,884,1113433144900,16.958,128.587,6042832.246,2133197.404,14.3,6.4,2,4.5,0,2,0,11,0,0
1,101,884,1113433145000,16.959,129.038,6042832.191,2133197.85,14.3,6.4,2,4.5,0,2,0,11,0,0
1,102,884,1113433145100,16.959,129.488,6042832.136,2133198.297,14.3,6.4,2,4.49,-0.15,2,0,11,0,0
1,103,884,1113433145200,16.96,129.937,6042832.081,2133198.743,14.3,6.4,2,4.47,-0.22,2,0,11,0,0
1,104,884,1113433145300,16.96,130.377,6042832.025,2133199.19,14.3,6.4,2,4.51,0.7,2,0,11,0,0
1,105,884,1113433145400,16.983,130.815,6042831.994,2133199.623,14.3,6.4,2,4.73,3.36,2,0,11,0,0
1,106,884,1113433145500,16.905,131.282,6042831.86,2133200.065,14.3,6.4,2,5.24,6.83,2,0,11,0,0
1,107,884,1113433145600,16.798,131.827,6042831.688,2133200.583,14.3,6.4,2,5.99,8.63,2,0,11,0,0
1,108,884,1113433145700,16.613,132.477,6042831.423,2133201.213,14.3,6.4,2,6.74,7.13,2,0,11,0,0
1,109,884,1113433145800,16.506,133.21,6042831.224,2133201.939,14.3,6.4,2,7.27,3.59,2,0,11,0,0
1,110,884,1113433145900,16.438,133.975,6042831.061,2133202.698,14.3,6.4,2,7.51,0.69,2,0,11,0,0
1,111,884,1113433146000,16.465,134.738,6042830.995,2133203.446,14.3,6.4,2,7.54,-0.35,2,0,11,0,0
1,112,884,1113433146100,16.466,135.489,6042830.903,2133204.19,14.3,6.4,2,7.51,-0.21,2,0,11,0,0
1,113,884,1113433146200,16.467,136.238,6042830.811,2133204.934,14.3,6.4,2,7.5,0,2,0,11,0,0
1,114,884,1113433146300,16.467,136.988,6042830.718,2133205.679,14.3,6.4,2,7.5,0,2,0,11,0,0
1,115,884,1113433146400,16.468,137.738,6042830.626,2133206.423,14.3,6.4,2,7.5,0,2,0,11,0,0
1,116,884,1113433146500,16.469,138.488,6042830.534,2133207.167,14.3,6.4,2,7.5,0,2,0,11,0,0
1,117,884,1113433146600,16.47,139.238,6042830.442,2133207.911,14.3,6.4,2,7.5,0,2,0,11,0,0
1,118,884,1113433146700,16.471,139.988,6042830.35,2133208.656,14.3,6.4,2,7.5,0,2,0,11,0,0
1,119,884,1113433146800,16.472,140.738,6042830.258,2133209.4,14.3,6.4,2,7.5,0,2,0,11,0,0
1,120,884,1113433146900,16.473,141.488,6042830.166,2133210.144,14.3,6.4,2,7.5,0,2,0,11,0,0
1,121,884,1113433147000,16.474,142.238,6042830.074,2133210.889,14.3,6.4,2,7.5,0,2,0,11,0,0
1,122,884,1113433147100,16.474,142.988,6042829.981,2133211.633,14.3,6.4,2,7.5,-0.07,2,0,11,0,0
1,123,884,1113433147200,16.475,143.738,6042829.889,2133212.377,14.3,6.4,2,7.49,-0.12,2,0,11,0,0
1,124,884,1113433147300,16.476,144.483,6042829.797,2133213.122,14.3,6.4,2,7.5,0.28,2,0,11,0,0
1,125,884,1113433147400,16.474,145.227,6042829.703,2133213.858,14.3,6.4,2,7.6,1.51,2,0,11,0,0
1,126,884,1113433147500,16.475,145.984,6042829.611,2133214.602,14.3,6.4,2,7.83,3.06,2,0,11,0,0
1,127,884,1113433147600,16.49,146.777,6042829.529,2133215.386,14.3,6.4,2,8.15,3.7,2,0,11,0,0
1,128,884,1113433147700,16.526,147.615,6042829.461,2133216.221,14.3,6.4,2,8.46,2.85,2,0,11,0,0
1,129,884,1113433147800,16.576,148.486,6042829.403,2133217.096,14.3,6.4,2,8.67,1.29,2,0,11,0,0
1,130,884,1113433147900,16.63,149.367,6042829.347,2133217.978,14.3,6.4,2,8.75,0.2,2,0,11,0,0
1,131,884,1113433148000,16.68,150.246,6042829.289,2133218.853,14.3,6.4,2,8.76,-0.12,2,0,11,0,0
1,132,884,1113433148100,16.73,151.122,6042829.231,2133219.727,14.3,6.4,2,8.75,-0.07,2,0,11,0,0
1,133,884,1113433148200,16.782,151.997,6042829.174,2133220.602,14.3,6.4,2,8.75,0,2,0,11,0,0
1,134,884,1113433148300,16.832,152.871,6042829.116,2133221.476,14.3,6.4,2,8.75,0,2,0,11,0,0
1,135,884,1113433148400,16.883,153.747,6042829.058,2133222.351,14.3,6.4,2,8.75,0,2,0,11,0,0
1,136,884,1113433148500,16.933,154.621,6042829,2133223.225,14.3,6.4,2,8.75,0,2,0,11,0,0
1,137,884,1113433148600,16.983,155.497,6042828.942,2133224.1,14.3,6.4,2,8.75,0,2,0,11,0,0
1,138,884,1113433148700,17.034,156.372,6042828.884,2133224.974,14.3,6.4,2,8.75,0,2,0,11,0,0
1,139,884,1113433148800,17.084,157.246,6042828.826,2133225.849,14.3,6.4,2,8.75,0,2,0,11,0,0
1,140,884,1113433148900,17.135,158.121,6042828.769,2133226.723,14.3,6.4,2,8.75,0,2,0,11,0,0
1,141,884,1113433149000,17.186,158.996,6042828.711,2133227.598,14.3,6.4,2,8.75,0,2,0,11,0,0
1,142,884,1113433149100,17.236,159.872,6042828.653,2133228.472,14.3,6.4,2,8.74,-0.09,2,0,11,0,0
1,143,884,1113433149200,17.286,160.746,6042828.595,2133229.347,14.3,6.4,2,8.73,-0.18,2,0,11,0,0
1,144,884,1113433149300,17.337,161.615,6042828.537,2133230.221,14.3,6.4,2,8.75,0.37,2,0,11,0,0
1,145,884,1113433149400,17.393,162.481,6042828.486,2133231.086,14.3,6.4,2,8.88,2.01,2,0,11,0,0
1,146,884,1113433149500,17.444,163.365,6042828.429,2133231.96,14.3,6.4,2,9.19,4.11,2,0,11,0,0
1,147,884,1113433149600,17.465,164.297,6042828.335,2133232.884,14.3,6.4,2,9.63,5.11,2,0,11,0,0
1,148,884,1113433149700,17.445,165.291,6042828.192,2133233.871,14.3,6.4,2,10.07,4.09,2,0,11,0,0
1,149,884,1113433149800,17.395,166.332,6042828.013,2133234.908,14.3,6.4,2,10.37,1.99,2,0,11,0,0
1,150,884,1113433149900,17.34,167.391,6042827.828,2133235.953,14.3,6.4,2,10.5,0.36,2,0,11,0,0
1,151,884,1113433150000,17.291,168.447,6042827.649,2133236.989,14.3,6.4,2,10.52,-0.19,2,0,11,0,0
1,152,884,1113433150100,17.242,169.497,6042827.471,2133238.025,14.3,6.4,2,10.5,-0.1,2,0,11,0,0
1,153,884,1113433150200,17.192,170.546,6042827.292,2133239.06,14.3,6.4,2,10.5,0,2,0,11,0,0
1,154,884,1113433150300,17.142,171.596,6042827.113,2133240.096,14.3,6.4,2,10.5,0,2,0,11,0,0
1,155,884,1113433150400,17.093,172.646,6042826.935,2133241.132,14.3,6.4,2,10.5,0,2,0,11,0,0
1,156,884,1113433150500,17.043,173.696,6042826.756,2133242.168,14.3,6.4,2,10.5,0,2,0,11,0,0
1,157,884,1113433150600,16.995,174.746,6042826.578,2133243.204,14.3,6.4,2,10.5,0,2,0,11,0,0
1,158,884,1113433150700,16.945,175.796,6042826.399,2133244.24,14.3,6.4,2,10.5,0,2,0,11,0,0
1,159,884,1113433150800,16.895,176.847,6042826.22,2133245.276,14.3,6.4,2,10.5,0,2,0,11,0,0
1,160,884,1113433150900,16.846,177.897,6042826.042,2133246.312,14.3,6.4,2,10.5,-0.02,2,0,11,0,0
1,161,884,1113433151000,16.796,178.947,6042825.863,2133247.348,14.3,6.4,2,10.5,-0.02,2,0,11,0,0
1,162,884,1113433151100,16.748,179.998,6042825.685,2133248.384,14.3,6.4,2,10.48,-0.21,2,0,11,0,0
1,163,884,1113433151200,16.698,181.046,6042825.506,2133249.419,14.3,6.4,2,10.46,-0.37,2,0,11,0,0
1,164,884,1113433151300,16.648,182.081,6042825.327,2133250.455,14.3,6.4,2,10.51,1.08,2,0,11,0,0
1,165,884,1113433151400,16.595,183.114,6042825.148,2133251.467,14.3,6.4,2,10.83,4.76,2,0,11,0,0
1,166,884,1113433151500,16.545,184.192,6042824.969,2133252.502,14.3,6.4,2,11.52,9.17,2,0,11,0,0
1,167,884,1113433151600,16.52,185.374,6042824.796,2133253.685,14.3,6.4,2,12.51,11.2,2,0,11,0,0
1,168,884,1113433151700,16.514,186.693,6042824.629,2133254.98,14.3,6.4,2,13.49,9.17,2,0,11,0,0
1,169,884,1113433151800,16.531,188.116,6042824.467,2133256.423,14.3,6.4,2,14.18,4.75,2,0,11,0,0
1,170,884,1113433151900,16.552,189.584,6042824.306,2133257.889,14.3,6.4,2,14.5,1.06,2,0,11,0,0
1,171,884,1113433152000,16.569,191.05,6042824.144,2133259.331,14.3,6.4,2,14.55,-0.38,2,0,11,0,0
1,172,884,1113433152100,16.587,192.502,6042823.983,2133260.773,14.3,6.4,2,14.52,-0.2,2,0,11,0,0
1,173,884,1113433152200,16.605,193.952,6042823.821,2133262.215,14.3,6.4,2,14.51,0,2,0,11,0,0
1,174,884,1113433152300,16.622,195.403,6042823.659,2133263.657,14.3,6.4,2,14.51,0,2,0,11,0,0
1,175,884,1113433152400,16.639,196.854,6042823.497,2133265.099,14.3,6.4,2,14.51,0,2,0,11,0,0
1,176,884,1113433152500,16.657,198.305,6042823.336,2133266.541,14.3,6.4,2,14.51,0,2,0,11,0,0
1,177,884,1113433152600,16.674,199.756,6042823.174,2133267.983,14.3,6.4,2,14.51,0,2,0,11,0,0
1,178,884,1113433152700,16.692,201.207,6042823.012,2133269.425,14.3,6.4,2,14.51,0,2,0,11,0,0
1,179,884,1113433152800,16.709,202.658,6042822.85,2133270.867,14.3,6.4,2,14.51,0.03,2,0,11,0,0
1,180,884,1113433152900,16.726,204.109,6042822.688,2133272.309,14.3,6.4,2,14.52,0.05,2,0,11,0,0
1,181,884,1113433153000,16.743,205.561,6042822.526,2133273.751,14.3,6.4,2,14.52,0,2,0,11,0,0
1,182,884,1113433153100,16.761,207.013,6042822.365,2133275.193,14.3,6.4,2,14.52,-0.05,2,0,11,0,0
1,183,884,1113433153200,16.778,208.465,6042822.203,2133276.635,14.3,6.4,2,14.51,-0.07,2,0,11,0,0
1,184,884,1113433153300,16.795,209.915,6042822.041,2133278.076,14.3,6.4,2,14.51,-0.03,2,0,11,0,0
1,185,884,1113433153400,16.812,211.365,6042821.879,2133279.518,14.3,6.4,2,14.51,0.02,2,0,11,0,0
1,186,884,1113433153500,16.83,212.816,6042821.718,2133280.96,14.3,6.4,2,14.51,0.02,2,0,11,0,0
1,187,884,1113433153600,16.847,214.267,6042821.556,2133282.402,14.3,6.4,2,14.51,0,2,0,11,0,0
1,188,884,1113433153700,16.864,215.718,6042821.394,2133283.844,14.3,6.4,2,14.51,0,2,0,11,0,0
1,189,884,1113433153800,16.88,217.169,6042821.232,2133285.286,14.3,6.4,2,14.51,0,2,0,11,0,0
1,190,884,1113433153900,16.898,218.62,6042821.071,2133286.728,14.3,6.4,2,14.51,0,2,0,11,0,0
1,191,884,1113433154000,16.915,220.071,6042820.909,2133288.17,14.3,6.4,2,14.51,0,2,0,11,0,0
1,192,884,1113433154100,16.932,221.522,6042820.747,2133289.612,14.3,6.4,2,14.51,0,2,0,11,0,0
1,193,884,1113433154200,16.949,222.973,6042820.585,2133291.054,14.3,6.4,2,14.51,0,2,0,11,0,0
1,194,884,1113433154300,16.967,224.424,6042820.424,2133292.496,14.3,6.4,2,14.51,0,2,0,11,0,0
1,195,884,1113433154400,16.984,225.875,6042820.262,2133293.938,14.3,6.4,2,14.51,0,2,0,11,0,0
1,196,884,1113433154500,17.001,227.326,6042820.1,2133295.38,14.3,6.4,2,14.51,0,2,0,11,0,0
1,197,884,1113433154600,17.018,228.777,6042819.938,2133296.822,14.3,6.4,2,14.51,0,2,0,11,0,0
1,198,884,1113433154700,17.036,230.228,6042819.777,2133298.264,14.3,6.4,2,14.51,0,2,0,11,0,0
1,199,884,1113433154800,17.053,231.679,6042819.615,2133299.706,14.3,6.4,2,14.51,0,2,0,11,0,0
1,200,884,1113433154900,17.07,233.13,6042819.453,2133301.148,14.3,6.4,2,14.51,0,2,0,11,0,0
1,201,884,1113433155000,17.087,234.581,6042819.291,2133302.59,14.3,6.4,2,14.51,0,2,0,11,0,0
1,202,884,1113433155100,17.104,236.032,6042819.129,2133304.032,14.3,6.4,2,14.51,0,2,0,11,0,0
1,203,884,1113433155200,17.121,237.482,6042818.968,2133305.474,14.3,6.4,2,14.51,0,2,0,11,0,0
1,204,884,1113433155300,17.138,238.933,6042818.806,2133306.916,14.3,6.4,2,14.51,0,2,0,11,0,0
1,205,884,1113433155400,17.155,240.384,6042818.644,2133308.358,14.3,6.4,2,14.51,0,2,0,11,0,0
1,206,884,1113433155500,17.172,241.835,6042818.482,2133309.8,14.3,6.4,2,14.51,0,2,0,11,0,0
1,207,884,1113433155600,17.19,243.286,6042818.321,2133311.242,14.3,6.4,2,14.51,0,2,0,11,0,0
1,208,884,1113433155700,17.207,244.737,6042818.159,2133312.684,14.3,6.4,2,14.51,0,2,0,11,0,0
1,209,884,1113433155800,17.224,246.188,6042817.997,2133314.126,14.3,6.4,2,14.51,0,2,0,11,0,0
1,210,884,1113433155900,17.241,247.639,6042817.835,2133315.568,14.3,6.4,2,14.51,0,2,0,11,0,0
1,211,884,1113433156000,17.259,249.09,6042817.674,2133317.01,14.3,6.4,2,14.51,0,2,0,11,0,0
1,212,884,1113433156100,17.276,250.541,6042817.512,2133318.452,14.3,6.4,2,14.51,0,2,0,11,0,0
1,213,884,1113433156200,17.293,251.987,6042817.35,2133319.894,14.3,6.4,2,14.56,0.76,2,0,11,0,0
1,214,884,1113433156300,17.31,253.443,6042817.188,2133321.336,14.3,6.4,2,14.67,1.41,2,0,11,0,0
1,215,884,1113433156400,17.328,254.92,6042817.027,2133322.778,14.3,6.4,2,14.74,0.68,2,0,11,0,0
1,216,884,1113433156500,17.344,256.406,6042816.865,2133324.22,14.3,6.4,2,14.74,-0.68,2,0,11,0,0
1,217,884,1113433156600,17.354,257.883,6042816.703,2133325.662,14.3,6.4,2,14.67,-1.41,2,0,11,0,0
1,218,884,1113433156700,17.363,259.339,6042816.541,2133327.104,14.3,6.4,2,14.56,-0.76,2,0,11,0,0
1,219,884,1113433156800,17.373,260.785,6042816.379,2133328.546,14.3,6.4,2,14.51,0,2,0,11,0,0
1,220,884,1113433156900,17.384,262.236,6042816.218,2133329.988,14.3,6.4,2,14.51,0,2,0,11,0,0
1,221,884,1113433157000,17.393,263.687,6042816.056,2133331.43,14.3,6.4,2,14.51,0,2,0,11,0,0
1,222,884,1113433157100,17.403,265.14,6042815.894,2133332.872,14.3,6.4,2,14.5,-0.23,2,0,11,0,0
1,223,884,1113433157200,17.413,266.587,6042815.732,2133334.314,14.3,6.4,2,14.48,-0.18,2,0,11,0,0
1,224,884,1113433157300,17.423,268.024,6042815.571,2133335.756,14.3,6.4,2,14.56,1.44,2,0,11,0,0
1,225,884,1113433157400,17.434,269.471,6042815.413,2133337.172,14.3,6.4,2,14.85,4.06,2,0,11,0,0
1,226,884,1113433157500,17.444,270.971,6042815.248,2133338.642,14.3,6.4,2,15.25,4.78,2,0,11,0,0
1,227,884,1113433157600,17.447,272.539,6042815.064,2133340.219,14.3,6.4,2,15.51,1.39,2,0,11,0,0
1,228,884,1113433157700,17.445,274.133,6042814.871,2133341.821,14.3,6.4,2,15.38,-4.06,2,0,11,0,0
1,229,884,1113433157800,17.438,275.671,6042814.68,2133343.361,14.3,6.4,2,14.9,-6.57,2,0,11,0,0
1,230,884,1113433157900,17.43,277.119,6042814.504,2133344.776,14.3,6.4,2,14.38,-4.77,2,0,11,0,0
1,231,884,1113433158000,17.424,278.511,6042814.336,2133346.136,14.3,6.4,2,14.05,-1.52,2,0,11,0,0
1,232,884,1113433158100,17.418,279.893,6042814.164,2133347.525,14.3,6.4,2,13.97,0.49,2,0,11,0,0
1,233,884,1113433158200,17.411,281.291,6042813.992,2133348.914,14.3,6.4,2,14.03,0.69,2,0,11,0,0
1,234,884,1113433158300,17.405,282.71,6042813.82,2133350.304,14.3,6.4,2,13.98,-1.16,2,0,11,0,0
1,235,884,1113433158400,17.398,284.127,6042813.645,2133351.718,14.3,6.4,2,13.64,-5.09,2,0,11,0,0
1,236,884,1113433158500,17.391,285.497,6042813.472,2133353.109,14.3,6.4,2,12.92,-9.69,2,0,11,0,0
1,237,884,1113433158600,17.381,286.749,6042813.316,2133354.34,14.3,6.4,2,11.88,-11.2,2,0,11,0,0
1,238,884,1113433158700,17.379,287.872,6042813.18,2133355.466,14.3,6.4,2,10.83,-9.69,2,0,11,0,0
1,239,884,1113433158800,17.375,288.877,6042813.061,2133356.432,14.3,6.4,2,10.11,-5.09,2,0,11,0,0
1,240,884,1113433158900,17.371,289.835,6042812.944,2133357.375,14.3,6.4,2,9.77,-1.16,2,0,11,0,0
1,241,884,1113433159000,17.366,290.793,6042812.824,2133358.342,14.3,6.4,2,9.7,0.42,2,0,11,0,0
1,242,884,1113433159100,17.361,291.766,6042812.704,2133359.31,14.3,6.4,2,9.74,0.22,2,0,11,0,0
1,243,884,1113433159200,17.357,292.743,6042812.585,2133360.278,14.3,6.4,2,9.75,0,2,0,11,0,0
1,244,884,1113433159300,17.353,293.718,6042812.465,2133361.245,14.3,6.4,2,9.75,0,2,0,11,0,0
1,245,884,1113433159400,17.348,294.692,6042812.345,2133362.213,14.3,6.4,2,9.75,0,2,0,11,0,0
1,246,884,1113433159500,17.343,295.668,6042812.225,2133363.18,14.3,6.4,2,9.75,0,2,0,11,0,0
1,247,884,1113433159600,17.338,296.643,6042812.105,2133364.148,14.3,6.4,2,9.75,0,2,0,11,0,0
1,248,884,1113433159700,17.334,297.618,6042811.985,2133365.116,14.3,6.4,2,9.75,0,2,0,11,0,0
1,249,884,1113433159800,17.33,298.593,6042811.866,2133366.083,14.3,6.4,2,9.75,0,2,0,11,0,0
1,250,884,1113433159900,17.325,299.568,6042811.746,2133367.051,14.3,6.4,2,9.75,0,2,0,11,0,0
1,251,884,1113433160000,17.32,300.543,6042811.626,2133368.019,14.3,6.4,2,9.75,0,2,0,11,0,0
1,252,884,1113433160100,17.316,301.517,6042811.506,2133368.986,14.3,6.4,2,9.76,0.17,2,0,11,0,0
1,253,884,1113433160200,17.311,302.493,6042811.386,2133369.954,14.3,6.4,2,9.79,0.35,2,0,11,0,0
1,254,884,1113433160300,17.307,303.48,6042811.267,2133370.921,14.3,6.4,2,9.75,-0.78,2,0,11,0,0
1,255,884,1113433160400,17.305,304.472,6042811.147,2133371.91,14.3,6.4,2,9.48,-4.03,2,0,11,0,0
1,256,884,1113433160500,17.3,305.432,6042811.027,2133372.878,14.3,6.4,2,8.83,-8.94,2,0,11,0,0
1,257,884,1113433160600,17.281,306.284,6042810.906,2133373.735,14.3,6.4,2,7.84,-11.2,2,0,11,0,0
1,258,884,1113433160700,17.243,307,6042810.781,2133374.46,14.3,6.4,2,6.88,-8.83,2,0,11,0,0
1,259,884,1113433160800,17.191,307.609,6042810.655,2133375.073,14.3,6.4,2,6.28,-3.32,2,0,11,0,0
1,260,884,1113433160900,17.139,308.19,6042810.528,2133375.667,14.3,6.4,2,6.09,0.68,2,0,11,0,0
1,261,884,1113433161000,17.088,308.798,6042810.401,2133376.281,14.3,6.4,2,6.17,1.12,2,0,11,0,0
1,262,884,1113433161100,17.039,309.427,6042810.275,2133376.895,14.3,6.4,2,6.24,0.17,2,0,11,0,0
1,263,884,1113433161200,16.989,310.053,6042810.148,2133377.509,14.3,6.4,2,6.25,0,2,0,11,0,0
1,264,884,1113433161300,16.94,310.678,6042810.022,2133378.123,14.3,6.4,2,6.25,0,2,0,11,0,0
1,265,884,1113433161400,16.89,311.303,6042809.896,2133378.737,14.3,6.4,2,6.25,0,2,0,11,0,0
1,266,884,1113433161500,16.84,311.928,6042809.769,2133379.351,14.3,6.4,2,6.25,0,2,0,11,0,0
1,267,884,1113433161600,16.791,312.553,6042809.643,2133379.965,14.3,6.4,2,6.25,0,2,0,11,0,0
1,268,884,1113433161700,16.741,313.179,6042809.516,2133380.58,14.3,6.4,2,6.25,0,2,0,11,0,0
1,269,884,1113433161800,16.691,313.804,6042809.39,2133381.194,14.3,6.4,2,6.25,-0.03,2,0,11,0,0
1,270,884,1113433161900,16.641,314.429,6042809.263,2133381.808,14.3,6.4,2,6.25,0,2,0,11,0,0
1,271,884,1113433162000,16.592,315.053,6042809.137,2133382.422,14.3,6.4,2,6.25,0,2,0,11,0,0
1,272,884,1113433162100,16.543,315.677,6042809.011,2133383.036,14.3,6.4,2,6.25,0.09,2,0,11,0,0
1,273,884,1113433162200,16.492,316.303,6042808.884,2133383.65,14.3,6.4,2,6.27,0.16,2,0,11,0,0
1,274,884,1113433162300,16.443,316.933,6042808.758,2133384.264,14.3,6.4,2,6.25,-0.32,2,0,11,0,0
1,275,884,1113433162400,16.39,317.566,6042808.627,2133384.886,14.3,6.4,2,6.14,-1.71,2,0,11,0,0
1,276,884,1113433162500,16.341,318.183,6042808.501,2133385.501,14.3,6.4,2,5.88,-3.5,2,0,11,0,0
1,277,884,1113433162600,16.306,318.759,6042808.395,2133386.072,14.3,6.4,2,5.5,-4.37,2,0,11,0,0
1,278,884,1113433162700,16.291,319.283,6042808.316,2133386.587,14.3,6.4,2,5.12,-3.52,2,0,11,0,0
1,279,884,1113433162800,16.292,319.766,6042808.258,2133387.058,14.3,6.4,2,4.86,-1.72,2,0,11,0,0
1,280,884,1113433162900,16.294,320.234,6042808.203,2133387.521,14.3,6.4,2,4.75,-0.31,2,0,11,0,0
1,281,884,1113433163000,16.295,320.704,6042808.145,2133387.992,14.3,6.4,2,4.73,0.15,2,0,11,0,0
1,282,884,1113433163100,16.295,321.178,6042808.087,2133388.464,14.3,6.4,2,4.75,0.07,2,0,11,0,0
1,283,884,1113433163200,16.295,321.654,6042808.028,2133388.935,14.3,6.4,2,4.75,0,2,0,11,0,0
1,284,884,1113433163300,16.295,322.129,6042807.97,2133389.406,14.3,6.4,2,4.75,0,2,0,11,0,0
1,285,884,1113433163400,16.295,322.603,6042807.911,2133389.878,14.3,6.4,2,4.75,0,2,0,11,0,0
1,286,884,1113433163500,16.296,323.079,6042807.853,2133390.349,14.3,6.4,2,4.75,0,2,0,11,0,0
1,287,884,1113433163600,16.296,323.554,6042807.795,2133390.821,14.3,6.4,2,4.75,0,2,0,11,0,0
1,288,884,1113433163700,16.296,324.029,6042807.736,2133391.292,14.3,6.4,2,4.75,0,2,0,11,0,0
1,289,884,1113433163800,16.296,324.504,6042807.678,2133391.763,14.3,6.4,2,4.75,0,2,0,11,0,0
1,290,884,1113433163900,16.297,324.978,6042807.62,2133392.235,14.3,6.4,2,4.75,0,2,0,11,0,0
1,291,884,1113433164000,16.297,325.454,6042807.561,2133392.706,14.3,6.4,2,4.75,0,2,0,11,0,0
1,292,884,1113433164100,16.297,325.929,6042807.503,2133393.178,14.3,6.4,2,4.75,-0.09,2,0,11,0,0
1,293,884,1113433164200,16.297,326.404,6042807.444,2133393.649,14.3,6.4,2,4.73,-0.15,2,0,11,0,0
1,294,884,1113433164300,16.297,326.873,6042807.386,2133394.12,14.3,6.4,2,4.75,0.31,2,0,11,0,0
1,295,884,1113433164400,16.296,327.341,6042807.327,2133394.583,14.3,6.4,2,4.86,1.72,2,0,11,0,0
1,296,884,1113433164500,16.297,327.824,6042807.269,2133395.054,14.3,6.4,2,5.12,3.52,2,0,11,0,0
1,297,884,1113433164600,16.304,328.347,6042807.212,2133395.571,14.3,6.4,2,5.5,4.37,2,0,11,0,0
1,298,884,1113433164700,16.323,328.924,6042807.159,2133396.149,14.3,6.4,2,5.88,3.51,2,0,11,0,0
1,299,884,1113433164800,16.348,329.541,6042807.107,2133396.772,14.3,6.4,2,6.14,1.7,2,0,11,0,0
1,300,884,1113433164900,16.374,330.173,6042807.055,2133397.405,14.3,6.4,2,6.25,0.32,2,0,11,0,0
1,301,884,1113433165000,16.4,330.803,6042807.003,2133398.028,14.3,6.4,2,6.27,-0.14,2,0,11,0,0
1,302,884,1113433165100,16.425,331.429,6042806.951,2133398.651,14.3,6.4,2,6.25,-0.08,2,0,11,0,0
1,303,884,1113433165200,16.45,332.053,6042806.899,2133399.275,14.3,6.4,2,6.25,0,2,0,11,0,0
1,304,884,1113433165300,16.476,332.678,6042806.847,2133399.898,14.3,6.4,2,6.25,0,2,0,11,0,0
1,305,884,1113433165400,16.501,333.303,6042806.795,2133400.521,14.3,6.4,2,6.25,0,2,0,11,0,0
1,306,884,1113433165500,16.526,333.928,6042806.743,2133401.145,14.3,6.4,2,6.25,0,2,0,11,0,0
1,307,884,1113433165600,16.551,334.553,6042806.691,2133401.768,14.3,6.4,2,6.25,0,2,0,11,0,0
1,308,884,1113433165700,16.577,335.178,6042806.639,2133402.391,14.3,6.4,2,6.25,0,2,0,11,0,0
1,309,884,1113433165800,16.602,335.803,6042806.587,2133403.015,14.3,6.4,2,6.25,0,2,0,11,0,0
1,310,884,1113433165900,16.627,336.428,6042806.535,2133403.638,14.3,6.4,2,6.25,0,2,0,11,0,0
1,311,884,1113433166000,16.653,337.055,6042806.483,2133404.261,14.3,6.4,2,6.23,-0.24,2,0,11,0,0
1,312,884,1113433166100,16.678,337.679,6042806.431,2133404.885,14.3,6.4,2,6.19,-0.59,2,0,11,0,0
1,313,884,1113433166200,16.703,338.295,6042806.379,2133405.508,14.3,6.4,2,6.15,-0.47,2,0,11,0,0
1,314,884,1113433166300,16.729,338.899,6042806.327,2133406.131,14.3,6.4,2,6.17,0.77,2,0,11,0,0
1,315,884,1113433166400,16.759,339.504,6042806.28,2133406.74,14.3,6.4,2,6.39,3.33,2,0,11,0,0
1,316,884,1113433166500,16.785,340.141,6042806.228,2133407.363,14.3,6.4,2,6.86,6.09,2,0,11,0,0
1,317,884,1113433166600,16.797,340.849,6042806.152,2133408.06,14.3,6.4,2,7.5,7.27,2,0,11,0,0
1,318,884,1113433166700,16.789,341.643,6042806.044,2133408.852,14.3,6.4,2,8.13,5.83,2,0,11,0,0
1,319,884,1113433166800,16.765,342.504,6042805.911,2133409.718,14.3,6.4,2,8.56,2.86,2,0,11,0,0
1,320,884,1113433166900,16.739,343.391,6042805.774,2133410.597,14.3,6.4,2,8.75,0.55,2,0,11,0,0
1,321,884,1113433167000,16.716,344.275,6042805.642,2133411.462,14.3,6.4,2,8.78,-0.24,2,0,11,0,0
1,322,884,1113433167100,16.692,345.151,6042805.509,2133412.328,14.3,6.4,2,8.76,-0.14,2,0,11,0,0
1,323,884,1113433167200,16.67,346.026,6042805.377,2133413.193,14.3,6.4,2,8.75,0,2,0,11,0,0
1,324,884,1113433167300,16.647,346.901,6042805.245,2133414.058,14.3,6.4,2,8.75,0,2,0,11,0,0
1,325,884,1113433167400,16.623,347.776,6042805.112,2133414.924,14.3,6.4,2,8.75,0,2,0,11,0,0
1,326,884,1113433167500,16.6,348.651,6042804.98,2133415.789,14.3,6.4,2,8.75,0,2,0,11,0,0
1,327,884,1113433167600,16.577,349.526,6042804.848,2133416.654,14.3,6.4,2,8.75,0,2,0,11,0,0
1,328,884,1113433167700,16.554,350.401,6042804.715,2133417.519,14.3,6.4,2,8.75,0,2,0,11,0,0
1,329,884,1113433167800,16.531,351.276,6042804.583,2133418.385,14.3,6.4,2,8.75,0,2,0,11,0,0
1,330,884,1113433167900,16.508,352.151,6042804.451,2133419.25,14.3,6.4,2,8.75,0,2,0,11,0,0
1,331,884,1113433168000,16.484,353.026,6042804.318,2133420.115,14.3,6.4,2,8.75,0,2,0,11,0,0
1,332,884,1113433168100,16.462,353.898,6042804.186,2133420.981,14.3,6.4,2,8.78,0.43,2,0,11,0,0
1,333,884,1113433168200,16.439,354.781,6042804.054,2133421.846,14.3,6.4,2,8.79,0.03,2,0,11,0,0
1,334,884,1113433168300,16.415,355.68,6042803.921,2133422.711,14.3,6.4,2,8.59,-3.16,2,0,11,0,0
1,335,884,1113433168400,16.391,356.558,6042803.781,2133423.626,14.3,6.4,2,8,-8.44,2,0,11,0,0
1,336,884,1113433168500,16.359,357.328,6042803.652,2133424.401,14.3,6.4,2,6.98,-11.2,2,0,11,0,0
1,337,884,1113433168600,16.346,357.969,6042803.559,2133425.029,14.3,6.4,2,5.8,-11.2,2,0,11,0,0
1,338,884,1113433168700,16.344,358.456,6042803.498,2133425.503,14.3,6.4,2,4.98,-5.42,2,0,11,0,0
1,339,884,1113433168800,16.346,358.884,6042803.453,2133425.872,14.3,6.4,2,4.74,1.09,2,0,11,0,0
1,340,884,1113433168900,16.348,359.342,6042803.396,2133426.345,14.3,6.4,2,4.9,3.5,2,0,11,0,0
1,341,884,1113433169000,16.35,359.858,6042803.328,2133426.895,14.3,6.4,2,5.16,1.9,2,0,11,0,0
1,342,884,1113433169100,16.35,360.398,6042803.263,2133427.416,14.3,6.4,2,5.28,-0.05,2,0,11,0,0
1,343,884,1113433169200,16.352,360.928,6042803.199,2133427.937,14.3,6.4,2,5.27,-0.25,2,0,11,0,0
1,344,884,1113433169300,16.353,361.451,6042803.134,2133428.458,14.3,6.4,2,5.25,0,2,0,11,0,0
1,345,884,1113433169400,16.354,361.976,6042803.07,2133428.979,14.3,6.4,2,5.25,0,2,0,11,0,0
1,346,884,1113433169500,16.355,362.501,6042803.005,2133429.5,14.3,6.4,2,5.25,0,2,0,11,0,0
1,347,884,1113433169600,16.356,363.026,6042802.94,2133430.021,14.3,6.4,2,5.25,0,2,0,11,0,0
1,348,884,1113433169700,16.357,363.551,6042802.876,2133430.542,14.3,6.4,2,5.25,0,2,0,11,0,0
1,349,884,1113433169800,16.358,364.076,6042802.811,2133431.063,14.3,6.4,2,5.25,0,2,0,11,0,0
1,350,884,1113433169900,16.36,364.601,6042802.747,2133431.584,14.3,6.4,2,5.25,0,2,0,11,0,0
1,351,884,1113433170000,16.36,365.126,6042802.682,2133432.105,14.3,6.4,2,5.25,0,2,0,11,0,0
1,352,884,1113433170100,16.362,365.647,6042802.618,2133432.626,14.3,6.4,2,5.28,0.53,2,0,11,0,0
1,353,884,1113433170200,16.363,366.182,6042802.553,2133433.147,14.3,6.4,2,5.3,0.09,2,0,11,0,0
1,354,884,1113433170300,16.364,366.737,6042802.489,2133433.668,14.3,6.4,2,5.07,-3.73,2,0,11,0,0
1,355,884,1113433170400,16.365,367.249,6042802.417,2133434.249,14.3,6.4,2,4.52,-7.58,2,0,11,0,0
1,356,884,1113433170500,16.361,367.651,6042802.36,2133434.667,14.3,6.4,2,3.99,-5.22,2,0,11,0,0
1,357,884,1113433170600,16.363,367.969,6042802.333,2133434.9,14.3,6.4,2,3.96,3.79,2,0,11,0,0
1,358,884,1113433170700,16.392,368.344,6042802.318,2133435.244,14.3,6.4,2,4.79,11.2,2,0,11,0,0
1,359,884,1113433170800,16.433,368.906,6042802.291,2133435.791,14.3,6.4,2,6.29,11.2,2,0,11,0,0
1,360,884,1113433170900,16.46,369.598,6042802.231,2133436.48,14.3,6.4,2,7.74,11.2,2,0,11,0,0
1,361,884,1113433171000,16.509,370.46,6042802.157,2133437.459,14.3,6.4,2,8.69,6.13,2,0,11,0,0
1,362,884,1113433171100,16.556,371.4,6042802.09,2133438.366,14.3,6.4,2,9.1,0.74,2,0,11,0,0
1,363,884,1113433171200,16.604,372.325,6042802.024,2133439.274,14.3,6.4,2,9.13,-0.6,2,0,11,0,0
1,364,884,1113433171300,16.651,373.23,6042801.957,2133440.182,14.3,6.4,2,9.1,0.1,2,0,11,0,0
1,365,884,1113433171400,16.698,374.139,6042801.89,2133441.09,14.3,6.4,2,9.11,0.17,2,0,11,0,0
1,366,884,1113433171500,16.746,375.055,6042801.824,2133441.997,14.3,6.4,2,9.09,-0.38,2,0,11,0,0
1,367,884,1113433171600,16.798,375.973,6042801.761,2133442.916,14.3,6.4,2,8.95,-2.07,2,0,11,0,0
1,368,884,1113433171700,16.846,376.872,6042801.695,2133443.825,14.3,6.4,2,8.64,-4.26,2,0,11,0,0
1,369,884,1113433171800,16.866,377.723,6042801.608,2133444.675,14.3,6.4,2,8.18,-5.32,2,0,11,0,0
1,370,884,1113433171900,16.85,378.508,6042801.494,2133445.449,14.3,6.4,2,7.72,-4.25,2,0,11,0,0
1,371,884,1113433172000,16.805,379.245,6042801.359,2133446.164,14.3,6.4,2,7.41,-2.06,2,0,11,0,0
1,372,884,1113433172100,16.757,379.963,6042801.221,2133446.869,14.3,6.4,2,7.27,-0.36,2,0,11,0,0
1,373,884,1113433172200,16.712,380.684,6042801.086,2133447.585,14.3,6.4,2,7.26,0.2,2,0,11,0,0
1,374,884,1113433172300,16.669,381.411,6042800.952,2133448.302,14.3,6.4,2,7.27,0.09,2,0,11,0,0
1,375,884,1113433172400,16.624,382.134,6042800.817,2133449.018,14.3,6.4,2,7.32,0.75,2,0,11,0,0
1,376,884,1113433172500,16.581,382.867,6042800.683,2133449.734,14.3,6.4,2,7.43,1.41,2,0,11,0,0
1,377,884,1113433172600,16.537,383.616,6042800.548,2133450.45,14.3,6.4,2,7.55,1.39,2,0,11,0,0
1,378,884,1113433172700,16.487,384.371,6042800.41,2133451.15,14.3,6.4,2,7.76,2.3,2,0,11,0,0
1,379,884,1113433172800,16.438,385.145,6042800.276,2133451.865,14.3,6.4,2,8.14,4.68,2,0,11,0,0
1,380,884,1113433172900,16.418,385.966,6042800.159,2133452.667,14.3,6.4,2,8.69,7.04,2,0,11,0,0
1,381,884,1113433173000,16.436,386.872,6042800.068,2133453.58,14.3,6.4,2,9.32,6.39,2,0,11,0,0
1,382,884,1113433173100,16.481,387.857,6042799.994,2133454.579,14.3,6.4,2,9.8,3.13,2,0,11,0,0
1,383,884,1113433173200,16.533,388.871,6042799.925,2133455.594,14.3,6.4,2,10,0.59,2,0,11,0,0
1,384,884,1113433173300,16.579,389.881,6042799.852,2133456.593,14.3,6.4,2,10.03,-0.27,2,0,11,0,0
1,385,884,1113433173400,16.624,390.883,6042799.778,2133457.592,14.3,6.4,2,10,-0.3,2,0,11,0,0
1,386,884,1113433173500,16.67,391.881,6042799.705,2133458.59,14.3,6.4,2,9.97,-0.29,2,0,11,0,0
1,387,884,1113433173600,16.716,392.871,6042799.632,2133459.589,14.3,6.4,2,10,0.63,2,0,11,0,0
1,388,884,1113433173700,16.762,393.857,6042799.561,2133460.57,14.3,6.4,2,10.23,3.4,2,0,11,0,0
1,389,884,1113433173800,16.808,394.873,6042799.488,2133461.568,14.3,6.4,2,10.74,7,2,0,11,0,0
1,390,884,1113433173900,16.853,395.969,6042799.403,2133462.656,14.3,6.4,2,11.5,8.74,2,0,11,0,0
1,391,884,1113433174000,16.898,397.172,6042799.304,2133463.862,14.3,6.4,2,12.26,7.04,2,0,11,0,0
1,392,884,1113433174100,16.943,398.457,6042799.194,2133465.159,14.3,6.4,2,12.78,3.45,2,0,11,0,0
1,393,884,1113433174200,16.988,399.772,6042799.082,2133466.473,14.3,6.4,2,13,0.64,2,0,11,0,0
1,394,884,1113433174300,17.031,401.083,6042798.971,2133467.77,14.3,6.4,2,13.04,-0.31,2,0,11,0,0
1,395,884,1113433174400,17.076,402.385,6042798.861,2133469.066,14.3,6.4,2,13.01,-0.24,2,0,11,0,0
1,396,884,1113433174500,17.121,403.683,6042798.751,2133470.362,14.3,6.4,2,12.99,-0.11,2,0,11,0,0
1,397,884,1113433174600,17.166,404.978,6042798.641,2133471.658,14.3,6.4,2,13.01,0.41,2,0,11,0,0
1,398,884,1113433174700,17.225,406.272,6042798.547,2133472.948,14.3,6.4,2,13.13,1.75,2,0,11,0,0
1,399,884,1113433174800,17.24,407.583,6042798.407,2133474.244,14.3,6.4,2,13.38,3.38,2,0,11,0,0
1,400,884,1113433174900,17.185,408.932,6042798.192,2133475.576,14.3,6.4,2,13.75,4.17,2,0,11,0,0
1,401,884,1113433175000,17.079,410.332,6042797.92,2133476.954,14.3,6.4,2,14.11,3.42,2,0,11,0,0
1,402,884,1113433175100,16.902,411.771,6042797.573,2133478.369,14.3,6.4,2,14.37,1.76,2,0,11,0,0
1,403,884,1113433175200,16.682,413.226,6042797.181,2133479.791,14.3,6.4,2,14.48,0.39,2,0,11,0,0
1,404,884,1113433175300,16.475,414.681,6042796.804,2133481.205,14.3,6.4,2,14.51,-0.13,2,0,11,0,0
1,405,884,1113433175400,16.269,416.15,6042796.427,2133482.619,14.3,6.4,2,14.31,-3.03,2,0,11,0,0
1,406,884,1113433175500,16.064,417.581,6042796.051,2133484.034,14.3,6.4,2,13.87,-5.8,2,0,11,0,0
1,407,884,1113433175600,15.857,418.928,6042795.674,2133485.448,14.3,6.4,2,13.5,-3.58,2,0,11,0,0
1,408,884,1113433175700,15.647,420.23,6042795.284,2133486.867,14.3,6.4,2,13.41,1.59,2,0,11,0,0
1,409,884,1113433175800,15.596,421.544,6042795.034,2133488.265,14.3,6.4,2,13.71,6.02,2,0,11,0,0
1,410,884,1113433175900,15.624,422.938,6042794.864,2133489.655,14.3,6.4,2,14.34,6.58,2,0,11,0,0
1,411,884,1113433176000,15.748,424.411,6042794.784,2133491.103,14.3,6.4,2,15.01,6.3,2,0,11,0,0
1,412,884,1113433176100,15.945,425.942,6042794.764,2133492.643,14.3,6.4,2,15.6,6.19,2,0,11,0,0
1,413,884,1113433176200,16.095,427.548,6042794.684,2133494.269,14.3,6.4,2,16.07,3.66,2,0,11,0,0
1,414,884,1113433176300,16.151,429.192,6042794.506,2133495.916,14.3,6.4,2,16.32,1.01,2,0,11,0,0
1,415,884,1113433176400,16.225,430.82,6042794.35,2133497.545,14.3,6.4,2,16.56,2.65,2,0,11,0,0
1,416,884,1113433176500,16.3,432.475,6042794.194,2133499.175,14.3,6.4,2,16.95,5.16,2,0,11,0,0
1,417,884,1113433176600,16.375,434.208,6042794.038,2133500.805,14.3,6.4,2,17.25,2.8,2,0,11,0,0
1,418,884,1113433176700,16.42,435.971,6042793.883,2133502.429,14.3,6.4,2,17.32,-1.54,2,0,11,0,0
1,419,884,1113433176800,16.461,437.713,6042793.727,2133504.058,14.3,6.4,2,17.18,-3.26,2,0,11,0,0
1,420,884,1113433176900,16.503,439.397,6042793.567,2133505.715,14.3,6.4,2,17,-0.22,2,0,11,0,0
1,421,884,1113433177000,16.545,441.075,6042793.404,2133507.407,14.3,6.4,2,17.05,2.14,2,0,11,0,0
1,422,884,1113433177100,16.586,442.798,6042793.236,2133509.127,14.3,6.4,2,17.21,1.05,2,0,11,0,0
1,423,884,1113433177200,16.627,444.53,6042793.068,2133510.852,14.3,6.4,2,17.27,0.2,2,0,11,0,0
1,424,884,1113433177300,16.669,446.26,6042792.901,2133512.572,14.3,6.4,2,17.28,-0.09,2,0,11,0,0
1,425,884,1113433177400,16.711,447.988,6042792.734,2133514.292,14.3,6.4,2,17.28,-0.04,2,0,11,0,0
1,426,884,1113433177500,16.753,449.716,6042792.567,2133516.012,14.3,6.4,2,17.27,-0.08,2,0,11,0,0
1,427,884,1113433177600,16.794,451.443,6042792.4,2133517.732,14.3,6.4,2,17.26,-0.14,2,0,11,0,0
1,428,884,1113433177700,16.836,453.165,6042792.233,2133519.451,14.3,6.4,2,17.27,0.29,2,0,11,0,0
1,429,884,1113433177800,16.88,454.886,6042792.069,2133521.163,14.3,6.4,2,17.38,1.55,2,0,11,0,0
1,430,884,1113433177900,16.922,456.621,6042791.902,2133522.883,14.3,6.4,2,17.61,3.18,2,0,11,0,0
1,431,884,1113433178000,16.949,458.392,6042791.716,2133524.642,14.3,6.4,2,17.95,3.96,2,0,11,0,0
1,432,884,1113433178100,16.959,460.211,6042791.506,2133526.452,14.3,6.4,2,18.3,3.2,2,0,11,0,0
1,433,884,1113433178200,16.955,462.068,6042791.277,2133528.302,14.3,6.4,2,18.53,1.57,2,0,11,0,0
1,434,884,1113433178300,16.948,463.938,6042791.044,2133530.159,14.3,6.4,2,18.64,0.29,2,0,11,0,0
1,435,884,1113433178400,16.944,465.807,6042790.815,2133532.009,14.3,6.4,2,18.65,-0.15,2,0,11,0,0
1,436,884,1113433178500,16.94,467.671,6042790.586,2133533.858,14.3,6.4,2,18.64,-0.08,2,0,11,0,0
1,437,884,1113433178600,16.936,469.535,6042790.357,2133535.708,14.3,6.4,2,18.63,-0.11,2,0,11,0,0
1,438,884,1113433178700,16.931,471.397,6042790.128,2133537.557,14.3,6.4,2,18.61,-0.22,2,0,11,0,0
1,439,884,1113433178800,16.927,473.254,6042789.899,2133539.407,14.3,6.4,2,18.62,0.26,2,0,11,0,0
1,440,884,1113433178900,16.921,475.105,6042789.669,2133541.242,14.3,6.4,2,18.76,2.23,2,0,11,0,0
1,441,884,1113433179000,16.916,476.973,6042789.44,2133543.091,14.3,6.4,2,19.15,5.3,2,0,11,0,0
1,442,884,1113433179100,16.93,478.901,6042789.217,2133545.013,14.3,6.4,2,19.74,7.11,2,0,11,0,0
1,443,884,1113433179200,16.963,480.916,6042789.002,2133547.031,14.3,6.4,2,20.36,5.99,2,0,11,0,0
1,444,884,1113433179300,17.013,483.002,6042788.794,2133549.121,14.3,6.4,2,20.81,2.95,2,0,11,0,0
1,445,884,1113433179400,17.065,485.115,6042788.587,2133551.226,14.3,6.4,2,21,0.52,2,0,11,0,0
1,446,884,1113433179500,17.113,487.223,6042788.378,2133553.316,14.3,6.4,2,21.03,-0.21,2,0,11,0,0
1,447,884,1113433179600,17.162,489.322,6042788.17,2133555.406,14.3,6.4,2,21.03,0.15,2,0,11,0,0
1,448,884,1113433179700,17.211,491.425,6042787.961,2133557.497,14.3,6.4,2,21.04,0.27,2,0,11,0,0
1,449,884,1113433179800,17.26,493.544,6042787.753,2133559.587,14.3,6.4,2,20.94,-1.78,2,0,11,0,0
1,450,884,1113433179900,17.323,495.651,6042787.555,2133561.709,14.3,6.4,2,20.57,-5.3,2,0,11,0,0
1,451,884,1113433180000,17.361,497.68,6042787.338,2133563.774,14.3,6.4,2,20.13,-4.95,2,0,11,0,0
1,452,884,1113433180100,17.335,499.629,6042787.078,2133565.671,14.3,6.4,2,20.04,1.7,2,0,11,0,0
1,453,884,1113433180200,17.274,501.581,6042786.787,2133567.536,14.3,6.4,2,20.63,10.73,2,0,11,0,0
1,454,884,1113433180300,17.227,503.712,6042786.479,2133569.646,14.3,6.4,2,21.89,11.2,2,0,11,0,0
1,455,884,1113433180400,17.203,505.967,6042786.181,2133571.873,14.3,6.4,2,23.3,11.2,2,0,11,0,0
1,456,884,1113433180500,17.207,508.375,6042785.883,2133574.324,14.3,6.4,2,24.34,7.78,2,0,11,0,0
1,457,884,1113433180600,17.207,510.884,6042785.573,2133576.834,14.3,6.4,2,24.89,2.47,2,0,11,0,0
1,458,884,1113433180700,17.207,513.406,6042785.267,2133579.315,14.3,6.4,2,25.03,-0.21,2,0,11,0,0
1,459,884,1113433180800,17.206,515.908,6042784.96,2133581.796,14.3,6.4,2,25.03,0,2,0,11,0,0
1,460,884,1113433180900,17.206,518.409,6042784.654,2133584.277,14.3,6.4,2,25.04,0.24,2,0,11,0,0
1,461,884,1113433181000,17.205,520.925,6042784.347,2133586.759,14.3,6.4,2,24.95,-1.54,2,0,11,0,0
1,462,884,1113433181100,17.204,523.43,6042784.037,2133589.269,14.3,6.4,2,24.64,-4.39,2,0,11,0,0
1,463,884,1113433181200,17.205,525.883,6042783.735,2133591.722,14.3,6.4,2,24.17,-5.76,2,0,11,0,0
1,464,884,1113433181300,17.204,528.265,6042783.447,2133594.052,14.3,6.4,2,23.69,-4.43,2,0,11,0,0
1,465,884,1113433181400,17.203,530.596,6042783.161,2133596.366,14.3,6.4,2,23.34,-2.16,2,0,11,0,0
1,466,884,1113433181500,17.203,532.908,6042782.877,2133598.668,14.3,6.4,2,23.19,-0.72,2,0,11,0,0
1,467,884,1113433181600,17.202,535.209,6042782.592,2133600.97,14.3,6.4,2,23.25,1.42,2,0,11,0,0
1,468,884,1113433181700,17.206,537.52,6042782.307,2133603.284,14.3,6.4,2,23.57,4.77,2,0,11,0,0
1,469,884,1113433181800,17.211,539.886,6042782.019,2133605.614,14.3,6.4,2,24.11,6.74,2,0,11,0,0
1,470,884,1113433181900,17.217,542.339,6042781.716,2133608.067,14.3,6.4,2,24.66,5.05,2,0,11,0,0
1,471,884,1113433182000,17.223,544.863,6042781.406,2133610.578,14.3,6.4,2,24.9,0.04,2,0,11,0,0
1,472,884,1113433182100,17.258,547.387,6042781.125,2133613.092,14.3,6.4,2,24.66,-4.96,2,0,11,0,0
1,473,884,1113433182200,17.2,549.839,6042780.758,2133615.541,14.3,6.4,2,24.15,-6.23,2,0,11,0,0
1,474,884,1113433182300,17.089,552.203,6042780.355,2133617.853,14.3,6.4,2,23.75,-2.81,2,0,11,0,0
1,475,884,1113433182400,16.91,554.536,6042779.89,2133620.109,14.3,6.4,2,23.66,1.51,2,0,11,0,0
1,476,884,1113433182500,16.883,556.902,6042779.568,2133622.454,14.3,6.4,2,23.77,2.02,2,0,11,0,0
1,477,884,1113433182600,16.932,559.307,6042779.31,2133624.894,14.3,6.4,2,23.82,-0.88,2,0,11,0,0
1,478,884,1113433182700,17.112,561.699,6042779.191,2133627.281,14.3,6.4,2,23.68,-2.78,2,0,11,0,0
1,479,884,1113433182800,17.223,564.049,6042779.009,2133629.613,14.3,6.4,2,23.47,-1.77,2,0,11,0,0
1,480,884,1113433182900,17.3,566.385,6042778.796,2133631.919,14.3,6.4,2,23.28,-1.41,2,0,11,0,0
1,481,884,1113433183000,17.28,568.72,6042778.483,2133634.247,14.3,6.4,2,22.98,-3.89,2,3355,11,27.73,1.21
1,482,884,1113433183100,17.286,571.021,6042778.197,2133636.562,14.3,6.4,2,22.44,-7.24,2,3355,11,28.27,1.26
1,483,884,1113433183200,17.291,573.242,6042777.928,2133638.743,14.3,6.4,2,21.67,-8.83,2,3355,11,28.9,1.33
1,484,884,1113433183300,17.297,575.356,6042777.668,2133640.849,14.3,6.4,2,20.88,-7.31,2,3355,11,29.64,1.42
1,485,884,1113433183400,17.301,577.387,6042777.419,2133642.862,14.3,6.4,2,20.32,-4.15,2,3355,11,30.44,1.5
1,486,884,1113433183500,17.305,579.379,6042777.177,2133644.818,14.3,6.4,2,20.04,-1.28,2,3355,11,31.34,1.56
1,487,884,1113433183600,17.31,581.364,6042776.932,2133646.802,14.3,6.4,2,19.97,0.3,2,3355,11,32.01,1.6
1,488,884,1113433183700,17.315,583.361,6042776.687,2133648.787,14.3,6.4,2,20,0.37,2,3355,11,33.31,1.67
1,489,884,1113433183800,17.32,585.365,6042776.442,2133650.772,14.3,6.4,2,20.02,0.06,2,3355,11,34.22,1.71
1,490,884,1113433183900,17.324,587.368,6042776.197,2133652.757,14.3,6.4,2,20.02,0,2,3355,11,34.94,1.75
1,491,884,1113433184000,17.328,589.371,6042775.952,2133654.742,14.3,6.4,2,20.02,-0.07,2,3355,11,35.51,1.77
1,492,884,1113433184100,17.358,591.373,6042775.732,2133656.731,14.3,6.4,2,20.01,-0.11,2,3355,11,36,1.8
1,493,884,1113433184200,17.29,593.373,6042775.415,2133658.712,14.3,6.4,2,20,-0.15,2,3355,11,36.5,1.83
1,494,884,1113433184300,17.189,595.373,6042775.066,2133660.679,14.3,6.4,2,19.98,-0.16,2,3355,11,37.01,1.85
1,495,884,1113433184400,16.995,597.369,6042774.625,2133662.639,14.3,6.4,2,19.98,0,2,3355,11,37.51,1.88
1,496,884,1113433184500,16.894,599.366,6042774.276,2133664.605,14.3,6.4,2,19.98,0.14,2,3355,11,37.77,1.89
1,497,884,1113433184600,16.846,601.365,6042773.98,2133666.583,14.3,6.4,2,20,0.2,2,3355,11,38.48,1.92
1,498,884,1113433184700,16.901,603.366,6042773.785,2133668.575,14.3,6.4,2,20.02,0.16,2,3355,11,39.28,1.96
1,499,884,1113433184800,17.011,605.369,6042773.644,2133670.578,14.3,6.4,2,20.02,0,2,3355,11,39.94,2
1,500,884,1113433184900,17.212,607.372,6042773.595,2133672.588,14.3,6.4,2,20.02,-0.15,2,3355,11,40.5,2.02
1,501,884,1113433185000,17.322,609.373,6042773.454,2133674.591,14.3,6.4,2,20,-0.15,2,3355,11,41.01,2.05
1,502,884,1113433185100,17.398,611.371,6042773.281,2133676.58,14.3,6.4,2,20,0.08,2,3355,11,41.51,2.08
1,503,884,1113433185200,17.376,613.37,6042773.01,2133678.561,14.3,6.4,2,20.02,0.35,2,3355,11,42,2.1
1,504,884,1113433185300,17.38,615.375,6042772.765,2133680.546,14.3,6.4,2,20.05,0.26,2,3355,11,42.54,2.12
1,505,884,1113433185400,17.383,617.384,6042772.52,2133682.531,14.3,6.4,2,20.04,-0.32,2,3355,11,43.03,2.15
1,506,884,1113433185500,17.376,619.392,6042772.265,2133684.52,14.3,6.4,2,19.97,-1.15,2,3355,11,43.37,2.17
1,507,884,1113433185600,17.392,621.387,6042772.034,2133686.505,14.3,6.4,2,19.83,-1.72,2,3355,11,43.68,2.2
1,508,884,1113433185700,17.442,623.361,6042771.84,2133688.47,14.3,6.4,2,19.67,-1.66,2,3355,11,44.01,2.24
1,509,884,1113433185800,17.472,625.315,6042771.628,2133690.411,14.3,6.4,2,19.54,-0.99,2,3355,11,44.36,2.27
1,510,884,1113433185900,17.444,627.259,6042771.36,2133692.333,14.3,6.4,2,19.48,-0.18,2,3355,11,44.71,2.3
1,511,884,1113433186000,17.365,629.203,6042771.042,2133694.252,14.3,6.4,2,19.47,0.21,2,3355,11,45.07,2.31
1,512,884,1113433186100,17.252,631.151,6042770.688,2133696.175,14.3,6.4,2,19.49,0.17,2,3355,11,45.42,2.33
1,513,884,1113433186200,17.153,633.102,6042770.349,2133698.098,14.3,6.4,2,19.5,0.03,2,3355,11,45.72,2.34
1,514,884,1113433186300,17.054,635.052,6042770.01,2133700.021,14.3,6.4,2,19.5,-0.05,2,3355,11,46.48,2.38
1,515,884,1113433186400,16.956,637.002,6042769.671,2133701.944,14.3,6.4,2,19.49,-0.1,2,3355,11,46.72,2.4
1,516,884,1113433186500,16.857,638.949,6042769.332,2133703.867,14.3,6.4,2,19.5,0.19,2,3355,11,46.73,2.4
1,517,884,1113433186600,16.75,640.894,6042768.985,2133705.783,14.3,6.4,2,19.57,1.12,2,3355,11,46.62,2.38
1,518,884,1113433186700,16.651,642.849,6042768.646,2133707.705,14.3,6.4,2,19.75,2.35,2,3355,11,46.43,2.35
1,519,884,1113433186800,16.603,644.831,6042768.354,2133709.664,14.3,6.4,2,20,2.93,2,3355,11,46.21,2.31
1,520,884,1113433186900,16.604,646.849,6042768.105,2133711.669,14.3,6.4,2,20.25,2.34,2,3355,11,45.95,2.27
1,521,884,1113433187000,16.656,648.894,6042767.903,2133713.71,14.3,6.4,2,20.43,1.14,2,3355,11,45.66,2.23
1,522,884,1113433187100,16.716,650.949,6042767.709,2133715.757,14.3,6.4,2,20.5,0.21,2,3355,11,45.36,2.21
1,523,884,1113433187200,16.767,653.002,6042767.506,2133717.798,14.3,6.4,2,20.51,-0.1,2,3355,11,45.07,2.2
1,524,884,1113433187300,16.819,655.053,6042767.304,2133719.839,14.3,6.4,2,20.5,-0.04,2,3355,11,44.77,2.18
1,525,884,1113433187400,16.871,657.104,6042767.102,2133721.879,14.3,6.4,2,20.49,-0.2,2,3355,11,44.48,2.17
1,526,884,1113433187500,16.922,659.153,6042766.899,2133723.92,14.3,6.4,2,20.45,-0.47,2,3355,11,44.19,2.16
1,527,884,1113433187600,16.981,661.197,6042766.704,2133725.963,14.3,6.4,2,20.41,-0.51,2,3355,11,43.88,2.15
1,528,884,1113433187700,17.033,663.235,6042766.502,2133728.004,14.3,6.4,2,20.36,-0.46,2,3355,11,43.64,2.14
1,529,884,1113433187800,17.053,665.268,6042766.266,2133730.032,14.3,6.4,2,20.31,-0.4,2,3355,11,43.35,2.13
1,530,884,1113433187900,17.025,667.298,6042765.984,2133732.043,14.3,6.4,2,20.27,-0.45,2,3355,11,43.03,2.12
1,531,884,1113433188000,16.962,669.323,6042765.669,2133734.041,14.3,6.4,2,20.24,-0.34,2,3355,11,42.74,2.11
1,532,884,1113433188100,16.892,671.343,6042765.347,2133736.036,14.3,6.4,2,20.22,-0.06,2,3355,11,42.46,2.1
1,533,884,1113433188200,16.83,673.363,6042765.032,2133738.034,14.3,6.4,2,20.21,0.04,2,3355,11,42.2,2.09
1,534,884,1113433188300,16.767,675.385,6042764.717,2133740.032,14.3,6.4,2,20.22,0.02,2,3355,11,41.93,2.07
1,535,884,1113433188400,16.704,677.407,6042764.401,2133742.03,14.3,6.4,2,20.22,0,2,3355,11,41.67,2.06
1,536,884,1113433188500,16.641,679.429,6042764.086,2133744.028,14.3,6.4,2,20.22,0,2,3355,11,41.4,2.05
1,537,884,1113433188600,16.579,681.45,6042763.771,2133746.026,14.3,6.4,2,20.22,0,2,3355,11,41.14,2.03
1,538,884,1113433188700,16.516,683.472,6042763.456,2133748.024,14.3,6.4,2,20.22,0,2,3355,11,40.87,2.02
1,539,884,1113433188800,16.454,685.494,6042763.141,2133750.022,14.3,6.4,2,20.22,0,2,3355,11,40.61,2.01
1,540,884,1113433188900,16.391,687.515,6042762.826,2133752.02,14.3,6.4,2,20.22,0,2,3355,11,40.33,1.99
1,541,884,1113433189000,16.328,689.537,6042762.51,2133754.018,14.3,6.4,2,20.22,0,2,3355,11,40.11,1.98
1,542,884,1113433189100,16.265,691.559,6042762.195,2133756.016,14.3,6.4,2,20.22,0,2,3355,11,39.78,1.97
1,543,884,1113433189200,16.203,693.581,6042761.88,2133758.014,14.3,6.4,2,20.22,0,2,3355,11,39.39,1.95
1,544,884,1113433189300,16.14,695.602,6042761.565,2133760.012,14.3,6.4,2,20.22,0.04,2,3355,11,39.51,1.95
1,545,884,1113433189400,16.078,697.626,6042761.25,2133762.01,14.3,6.4,2,20.21,-0.13,2,3355,11,39.15,1.94
1,546,884,1113433189500,16.019,699.649,6042760.938,2133764.012,14.3,6.4,2,20.18,-0.49,2,3355,11,38.58,1.91
1,547,884,1113433189600,15.952,701.666,6042760.619,2133766.007,14.3,6.4,2,20.13,-0.67,2,3355,11,37.88,1.88
1,548,884,1113433189700,15.87,703.673,6042760.287,2133767.987,14.3,6.4,2,20.08,-0.33,2,3355,11,37.13,1.85
1,549,884,1113433189800,15.782,705.676,6042759.949,2133769.96,14.3,6.4,2,20.08,0.31,2,3355,11,36.38,1.81
1,550,884,1113433189900,15.7,707.683,6042759.617,2133771.94,14.3,6.4,2,20.12,0.66,2,3355,11,35.63,1.77
1,551,884,1113433190000,15.634,709.699,6042759.299,2133773.934,14.3,6.4,2,20.18,0.5,2,3355,11,34.86,1.73
1,552,884,1113433190100,15.575,711.722,6042758.987,2133775.936,14.3,6.4,2,20.21,0.15,2,3355,11,34.08,1.69
1,553,884,1113433190200,15.511,713.746,6042758.671,2133777.934,14.3,6.4,2,20.22,-0.03,2,3355,11,33.32,1.65
1,554,884,1113433190300,15.449,715.766,6042758.356,2133779.932,14.3,6.4,2,20.23,0.16,2,3355,11,32.54,1.61
1,555,884,1113433190400,15.386,717.789,6042758.041,2133781.93,14.3,6.4,2,20.26,0.37,2,3355,11,31.75,1.57
1,556,884,1113433190500,15.324,719.824,6042757.726,2133783.928,14.3,6.4,2,20.21,-0.85,2,3355,11,30.99,1.53
1,557,884,1113433190600,15.258,721.863,6042757.405,2133785.947,14.3,6.4,2,19.93,-4.3,2,3355,11,30.24,1.52
1,558,884,1113433190700,15.195,723.863,6042757.089,2133787.946,14.3,6.4,2,19.29,-8.62,2,3355,11,29.54,1.53
1,559,884,1113433190800,15.147,725.764,6042756.804,2133789.827,14.3,6.4,2,18.36,-10.71,2,3355,11,28.94,1.58
1,560,884,1113433190900,15.122,727.539,6042756.557,2133791.58,14.3,6.4,2,17.4,-9.14,2,3355,11,28.47,1.64
1,561,884,1113433191000,15.111,729.207,6042756.34,2133793.215,14.3,6.4,2,16.68,-5.32,2,3355,11,28.1,1.68
1,562,884,1113433191100,15.104,730.822,6042756.129,2133794.829,14.3,6.4,2,16.33,-1.46,2,3355,11,27.79,1.7
1,563,884,1113433191200,15.092,732.433,6042755.911,2133796.465,14.3,6.4,2,16.28,0.74,2,0,11,0,0
1,564,884,1113433191300,15.089,734.062,6042755.694,2133798.101,14.3,6.4,2,16.34,0.85,2,0,11,0,0
1,565,884,1113433191400,15.086,735.701,6042755.477,2133799.736,14.3,6.4,2,16.42,0.6,2,0,11,0,0
1,566,884,1113433191500,15.082,737.329,6042755.26,2133801.372,14.3,6.4,2,16.66,3.28,2,0,11,0,0
1,567,884,1113433191600,15.076,738.975,6042755.045,2133802.966,14.3,6.4,2,17.3,9.02,2,0,11,0,0
1,568,884,1113433191700,15.082,740.751,6042754.828,2133804.673,14.3,6.4,2,18.45,11.2,2,0,11,0,0
1,569,884,1113433191800,15.101,742.678,6042754.598,2133806.583,14.3,6.4,2,20,11.2,2,0,11,0,0
1,570,884,1113433191900,15.124,744.751,6042754.351,2133808.645,14.3,6.4,2,21.55,11.2,2,0,11,0,0
1,571,884,1113433192000,15.159,746.976,6042754.091,2133810.91,14.3,6.4,2,22.7,9.01,2,0,11,0,0
1,572,884,1113433192100,15.208,749.33,6042753.829,2133813.287,14.3,6.4,2,23.34,3.19,2,0,11,0,0
1,573,884,1113433192200,15.253,751.705,6042753.569,2133815.623,14.3,6.4,2,23.54,-0.06,2,0,11,0,0
1,574,884,1113433192300,15.297,754.062,6042753.309,2133817.959,14.3,6.4,2,23.51,-0.5,2,0,11,0,0
1,575,884,1113433192400,15.343,756.409,6042753.05,2133820.296,14.3,6.4,2,23.47,-0.29,2,0,11,0,0
1,576,884,1113433192500,15.388,758.749,6042752.79,2133822.632,14.3,6.4,2,23.5,0.64,2,0,11,0,0
1,577,884,1113433192600,15.436,761.084,6042752.535,2133824.951,14.3,6.4,2,23.73,3.42,2,0,11,0,0
1,578,884,1113433192700,15.481,763.45,6042752.275,2133827.286,14.3,6.4,2,24.25,7.01,2,0,11,0,0
1,579,884,1113433192800,15.511,765.897,6042751.989,2133829.71,14.3,6.4,2,25,8.73,2,0,11,0,0
1,580,884,1113433192900,15.521,768.45,6042751.667,2133832.249,14.3,6.4,2,25.75,7.01,2,0,11,0,0
1,581,884,1113433193000,15.516,771.084,6042751.318,2133834.877,14.3,6.4,2,26.27,3.44,2,0,11,0,0
1,582,884,1113433193100,15.507,773.749,6042750.964,2133837.521,14.3,6.4,2,26.5,0.65,2,0,11,0,0
1,583,884,1113433193200,15.502,776.41,6042750.615,2133840.148,14.3,6.4,2,26.53,-0.29,2,0,11,0,0
1,584,884,1113433193300,15.496,779.064,6042750.266,2133842.775,14.3,6.4,2,26.48,-0.63,2,0,11,0,0
1,585,884,1113433193400,15.49,781.707,6042749.917,2133845.402,14.3,6.4,2,26.43,-0.39,2,0,11,0,0
1,586,884,1113433193500,15.486,784.328,6042749.569,2133848.029,14.3,6.4,2,26.6,2.75,2,0,11,0,0
1,587,884,1113433193600,15.48,786.965,6042749.227,2133850.603,14.3,6.4,2,27.19,8.66,2,0,11,0,0
1,588,884,1113433193700,15.488,789.722,6042748.874,2133853.336,14.3,6.4,2,28.28,11.2,2,0,11,0,0
1,589,884,1113433193800,15.49,792.616,6042748.49,2133856.22,14.3,6.4,2,29.6,11.2,2,0,11,0,0
1,590,884,1113433193900,15.484,795.658,6042748.078,2133859.255,14.3,6.4,2,30.58,6.95,2,0,11,0,0
1,591,884,1113433194000,15.487,798.799,6042747.656,2133862.43,14.3,6.4,2,30.94,-0.26,2,0,11,0,0
1,592,884,1113433194100,15.491,801.916,6042747.248,2133865.505,14.3,6.4,2,30.84,-3.24,2,0,11,0,0
1,593,884,1113433194200,15.494,804.978,6042746.85,2133868.499,14.3,6.4,2,30.6,-1.94,2,0,11,0,0
1,594,884,1113433194300,15.498,808.014,6042746.449,2133871.522,14.3,6.4,2,30.47,-0.09,2,0,11,0,0
1,595,884,1113433194400,15.501,811.058,6042746.047,2133874.546,14.3,6.4,2,30.46,0.02,2,0,11,0,0
1,596,884,1113433194500,15.505,814.101,6042745.646,2133877.569,14.3,6.4,2,30.5,0.53,2,0,11,0,0
1,597,884,1113433194600,15.504,817.139,6042745.243,2133880.578,14.3,6.4,2,30.69,2.85,2,0,11,0,0
1,598,884,1113433194700,15.508,820.203,6042744.842,2133883.601,14.3,6.4,2,31.12,5.83,2,0,11,0,0
1,599,884,1113433194800,15.526,823.334,6042744.445,2133886.701,14.3,6.4,2,31.75,7.27,2,0,11,0,0
1,600,884,1113433194900,15.565,826.553,6042744.055,2133889.902,14.3,6.4,2,32.38,5.85,2,0,11,0,0
1,601,884,1113433195000,15.619,829.839,6042743.671,2133893.18,14.3,6.4,2,32.81,2.86,2,0,11,0,0
1,602,884,1113433195100,15.675,833.157,6042743.287,2133896.473,14.3,6.4,2,32.95,-0.27,2,0,11,0,0
1,603,884,1113433195200,15.729,836.46,6042742.902,2133899.751,14.3,6.4,2,32.86,-1.77,2,0,11,0,0
1,604,884,1113433195300,15.782,839.734,6042742.517,2133903.029,14.3,6.4,2,32.74,-1.08,2,0,11,0,0
1,605,884,1113433195400,15.847,842.995,6042742.132,2133906.307,14.3,6.4,2,32.7,0.27,2,0,11,0,0
1,606,884,1113433195500,15.92,846.248,6042741.747,2133909.585,14.3,6.4,2,32.85,2.75,2,0,11,0,0
1,607,884,1113433195600,16.004,849.524,6042741.377,2133912.84,14.3,6.4,2,33.34,6.34,2,0,11,0,0
1,608,884,1113433195700,16.059,852.862,6042740.975,2133916.11,14.3,6.4,2,34.18,10.56,2,0,11,0,0
1,609,884,1113433195800,16.083,856.336,6042740.517,2133919.554,14.3,6.4,2,35.33,11.2,2,0,11,0,0
1,610,884,1113433195900,16.076,859.927,6042740.012,2133923.111,14.3,6.4,2,36.56,11.2,2,0,11,0,0
1,611,884,1113433196000,16.048,863.664,6042739.463,2133926.83,14.3,6.4,2,37.49,7.24,2,0,11,0,0
1,612,884,1113433196100,16.049,867.48,6042738.932,2133930.631,14.3,6.4,2,38,2.63,2,0,11,0,0
1,613,884,1113433196200,16.066,871.313,6042738.42,2133934.416,14.3,6.4,2,38.16,0,2,0,11,0,0
1,614,884,1113433196300,16.078,875.132,6042737.903,2133938.193,14.3,6.4,2,38.16,-0.17,2,0,11,0,0
1,615,884,1113433196400,16.088,878.953,6042737.385,2133941.971,14.3,6.4,2,38.08,-1.07,2,0,11,0,0
1,616,884,1113433196500,16.1,882.768,6042736.868,2133945.749,14.3,6.4,2,37.86,-3.08,2,0,11,0,0
1,617,884,1113433196600,16.088,886.55,6042736.325,2133949.541,14.3,6.4,2,37.5,-4.64,2,0,11,0,0
1,618,884,1113433196700,16.2,890.287,6042735.879,2133953.323,14.3,6.4,2,36.97,-6,2,0,11,0,0
1,619,884,1113433196800,16.337,893.957,6042735.465,2133957.028,14.3,6.4,2,36.32,-6.63,2,0,11,0,0
1,620,884,1113433196900,16.548,897.553,6042735.144,2133960.614,14.3,6.4,2,35.72,-6.16,2,0,11,0,0
1,621,884,1113433197000,16.654,901.08,6042734.731,2133964.098,14.3,6.4,2,35.24,-3.75,2,0,11,0,0
1,622,884,1113433197100,16.722,904.564,6042734.286,2133967.545,14.3,6.4,2,34.99,-0.75,2,0,11,0,0
1,623,884,1113433197200,16.696,908.051,6042733.744,2133971.003,14.3,6.4,2,34.96,0.35,2,0,11,0,0
1,624,884,1113433197300,16.695,911.549,6042733.227,2133974.464,14.3,6.4,2,34.99,0.26,2,0,11,0,0
1,625,884,1113433197400,16.696,915.05,6042732.711,2133977.926,14.3,6.4,2,35,0.06,2,0,11,0,0
1,626,884,1113433197500,16.695,918.552,6042732.194,2133981.388,14.3,6.4,2,35,-0.11,2,0,11,0,0
1,627,884,1113433197600,16.695,922.055,6042731.677,2133984.852,14.3,6.4,2,34.96,-0.57,2,0,11,0,0
1,628,884,1113433197700,16.695,925.552,6042731.161,2133988.314,14.3,6.4,2,34.88,-1.17,2,0,11,0,0
1,629,884,1113433197800,16.695,929.036,6042730.647,2133991.761,14.3,6.4,2,34.75,-1.46,2,0,11,0,0
1,630,884,1113433197900,16.695,932.502,6042730.136,2133995.188,14.3,6.4,2,34.62,-1.17,2,0,11,0,0
1,631,884,1113433198000,16.695,935.954,6042729.627,2133998.6,14.3,6.4,2,34.54,-0.55,2,0,11,0,0
1,632,884,1113433198100,16.694,939.402,6042729.118,2134002.009,14.3,6.4,2,34.5,-0.1,2,0,11,0,0
1,633,884,1113433198200,16.694,942.851,6042728.609,2134005.422,14.3,6.4,2,34.5,0.02,2,0,11,0,0
1,634,884,1113433198300,16.693,946.3,6042728.099,2134008.834,14.3,6.4,2,34.51,0.13,2,0,11,0,0
1,635,884,1113433198400,16.693,949.75,6042727.59,2134012.246,14.3,6.4,2,34.53,0.25,2,0,11,0,0
1,636,884,1113433198500,16.693,953.209,6042727.081,2134015.658,14.3,6.4,2,34.5,-0.51,2,0,11,0,0
1,637,884,1113433198600,16.699,956.671,6042726.576,2134019.086,14.3,6.4,2,34.31,-2.86,2,0,11,0,0
1,638,884,1113433198700,16.699,960.108,6042726.067,2134022.499,14.3,6.4,2,33.88,-5.86,2,0,11,0,0
1,639,884,1113433198800,16.669,963.477,6042725.539,2134025.832,14.3,6.4,2,33.25,-7.28,2,0,11,0,0
1,640,884,1113433198900,16.599,966.758,6042724.987,2134029.061,14.3,6.4,2,32.62,-5.82,2,0,11,0,0
1,641,884,1113433199000,16.499,969.971,6042724.416,2134032.211,14.3,6.4,2,32.19,-2.85,2,0,11,0,0
1,642,884,1113433199100,16.393,973.16,6042723.841,2134035.346,14.3,6.4,2,32,-0.56,2,0,11,0,0
1,643,884,1113433199200,16.293,976.351,6042723.27,2134038.496,14.3,6.4,2,31.97,0.22,2,0,11,0,0
1,644,884,1113433199300,16.193,979.549,6042722.699,2134041.646,14.3,6.4,2,31.99,0.17,2,0,11,0,0
1,645,884,1113433199400,16.092,982.751,6042722.127,2134044.796,14.3,6.4,2,32,-0.09,2,0,11,0,0
1,646,884,1113433199500,15.992,985.953,6042721.556,2134047.946,14.3,6.4,2,31.96,-0.53,2,0,11,0,0
1,647,884,1113433199600,15.898,989.143,6042720.991,2134051.102,14.3,6.4,2,31.94,-0.1,2,0,11,0,0
1,648,884,1113433199700,15.786,992.321,6042720.411,2134054.229,14.3,6.4,2,32.09,2.53,2,0,11,0,0
1,649,884,1113433199800,15.651,995.516,6042719.809,2134057.349,14.3,6.4,2,32.56,6.65,2,0,11,0,0
1,650,884,1113433199900,15.537,998.788,6042719.216,2134060.556,14.3,6.4,2,33.3,8.91,2,0,11,0,0
1,651,884,1113433200000,15.493,1002.174,6042718.672,2134063.905,14.3,6.4,2,34.04,6.83,2,0,11,0,0
1,652,884,1113433200100,15.464,1005.64,6042718.128,2134067.356,14.3,6.4,2,34.5,2.51,2,0,11,0,0
1,653,884,1113433200200,15.333,1009.12,6042717.484,2134070.786,14.3,6.4,2,34.68,0.22,2,0,11,0,0
1,654,884,1113433200300,15.14,1012.593,6042716.785,2134074.163,14.3,6.4,2,34.71,0,2,0,11,0,0
1,655,884,1113433200400,14.916,1016.07,6042716.053,2134077.551,14.3,6.4,2,34.61,-1.17,2,0,11,0,0
1,656,884,1113433200500,14.789,1019.54,6042715.408,2134081.016,14.3,6.4,2,34.37,-3.6,2,0,11,0,0
1,657,884,1113433200600,14.738,1022.969,6042714.827,2134084.457,14.3,6.4,2,33.99,-4.83,2,0,11,0,0
1,658,884,1113433200700,14.772,1026.336,6042714.35,2134087.772,14.3,6.4,2,33.59,-3.45,2,0,11,0,0
1,659,884,1113433200800,14.792,1029.66,6042713.862,2134091.067,14.3,6.4,2,33.35,-1.04,2,0,11,0,0
1,660,884,1113433200900,14.813,1032.98,6042713.376,2134094.351,14.3,6.4,2,33.32,0.48,2,0,11,0,0
1,661,884,1113433201000,14.833,1036.313,6042712.89,2134097.635,14.3,6.4,2,33.36,0.64,2,0,11,0,0
1,662,884,1113433201100,14.853,1039.665,6042712.397,2134100.959,14.3,6.4,2,33.29,-1.45,2,0,11,0,0
1,663,884,1113433201200,14.874,1043.019,6042711.907,2134104.272,14.3,6.4,2,32.89,-6.26,2,0,11,0,0
1,664,884,1113433201300,14.892,1046.302,6042711.42,2134107.549,14.3,6.4,2,32.09,-10.19,2,0,11,0,0
1,665,884,1113433201400,14.91,1049.446,6042710.954,2134110.69,14.3,6.4,2,31.28,-7.72,2,0,11,0,0
1,666,884,1113433201500,14.919,1052.482,6042710.508,2134113.636,14.3,6.4,2,31,1.01,2,0,11,0,0
1,667,884,1113433201600,14.947,1055.523,6042710.078,2134116.609,14.3,6.4,2,31.52,10.38,2,0,11,0,0
1,668,884,1113433201700,15.032,1058.732,6042709.672,2134119.799,14.3,6.4,2,32.7,11.2,2,0,11,0,0
1,669,884,1113433201800,15.155,1062.063,6042709.285,2134123.111,14.3,6.4,2,34.01,11.2,2,0,11,0,0
1,670,884,1113433201900,15.306,1065.546,6042708.897,2134126.613,14.3,6.4,2,34.95,6.99,2,0,11,0,0
1,671,884,1113433202000,15.446,1069.109,6042708.489,2134130.177,14.3,6.4,2,35.43,2.15,2,0,11,0,0
1,672,884,1113433202100,15.57,1072.681,6042708.07,2134133.706,14.3,6.4,2,35.56,-0.26,2,0,11,0,0
1,673,884,1113433202200,15.699,1076.236,6042707.656,2134137.235,14.3,6.4,2,35.53,-0.26,2,0,11,0,0
1,674,884,1113433202300,15.828,1079.784,6042707.242,2134140.765,14.3,6.4,2,35.53,0.3,2,0,11,0,0
1,675,884,1113433202400,15.957,1083.34,6042706.828,2134144.295,14.3,6.4,2,35.56,0.24,2,0,11,0,0
1,676,884,1113433202500,16.086,1086.913,6042706.414,2134147.825,14.3,6.4,2,35.43,-2.18,2,0,11,0,0
1,677,884,1113433202600,16.223,1090.475,6042706.003,2134151.388,14.3,6.4,2,34.95,-6.96,2,0,11,0,0
1,678,884,1113433202700,16.348,1093.96,6042705.59,2134154.885,14.3,6.4,2,34.03,-11.2,2,0,11,0,0
1,679,884,1113433202800,16.426,1097.295,6042705.158,2134158.192,14.3,6.4,2,32.76,-11.2,2,0,11,0,0
1,680,884,1113433202900,16.463,1100.512,6042704.704,2134161.377,14.3,6.4,2,31.49,-11.2,2,0,11,0,0
1,681,884,1113433203000,16.452,1103.578,6042704.231,2134164.373,14.3,6.4,2,30.57,-6.94,2,0,11,0,0
1,682,884,1113433203100,16.428,1106.567,6042703.755,2134167.302,14.3,6.4,2,30.09,-2.18,2,0,11,0,0
1,683,884,1113433203200,16.414,1109.547,6042703.283,2134170.265,14.3,6.4,2,29.96,0.24,2,0,11,0,0
1,684,884,1113433203300,16.399,1112.543,6042702.811,2134173.227,14.3,6.4,2,29.98,0.29,2,0,11,0,0
1,685,884,1113433203400,16.384,1115.549,6042702.339,2134176.19,14.3,6.4,2,29.96,-0.61,2,0,11,0,0
1,686,884,1113433203500,16.37,1118.545,6042701.867,2134179.153,14.3,6.4,2,29.87,-1.16,2,0,11,0,0
1,687,884,1113433203600,16.354,1121.524,6042701.394,2134182.116,14.3,6.4,2,29.81,-0.56,2,0,11,0,0
1,688,884,1113433203700,16.342,1124.495,6042700.922,2134185.078,14.3,6.4,2,29.81,0.55,2,0,11,0,0
1,689,884,1113433203800,16.341,1127.473,6042700.45,2134188.041,14.3,6.4,2,29.88,1.22,2,0,11,0,0
1,690,884,1113433203900,16.339,1130.47,6042699.978,2134191.004,14.3,6.4,2,29.97,0.73,2,0,11,0,0
1,691,884,1113433204000,16.337,1133.478,6042699.505,2134193.966,14.3,6.4,2,30,-0.23,2,0,11,0,0
1,692,884,1113433204100,16.332,1136.484,6042699.029,2134196.935,14.3,6.4,2,29.92,-1.27,2,0,11,0,0
1,693,884,1113433204200,16.33,1139.478,6042698.557,2134199.898,14.3,6.4,2,29.73,-2.6,2,0,11,0,0
1,694,884,1113433204300,16.345,1142.442,6042698.106,2134202.83,14.3,6.4,2,29.45,-3.23,2,0,11,0,0
1,695,884,1113433204400,16.382,1145.367,6042697.685,2134205.722,14.3,6.4,2,29.17,-2.6,2,0,11,0,0
1,696,884,1113433204500,16.436,1148.262,6042697.285,2134208.584,14.3,6.4,2,28.97,-1.27,2,0,11,0,0
1,697,884,1113433204600,16.493,1151.145,6042696.889,2134211.44,14.3,6.4,2,28.89,-0.23,2,0,11,0,0
1,698,884,1113433204700,16.546,1154.031,6042696.489,2134214.301,14.3,6.4,2,28.87,0.04,2,0,11,0,0
1,699,884,1113433204800,16.6,1156.918,6042696.089,2134217.163,14.3,6.4,2,28.89,0.19,2,0,11,0,0
1,700,884,1113433204900,16.653,1159.806,6042695.689,2134220.025,14.3,6.4,2,28.93,0.46,2,0,11,0,0
1,701,884,1113433205000,16.711,1162.704,6042695.294,2134222.88,14.3,6.4,2,28.93,0,2,0,11,0,0
1,702,884,1113433205100,16.765,1165.607,6042694.89,2134225.771,14.3,6.4,2,28.84,-1.53,2,0,11,0,0
1,703,884,1113433205200,16.802,1168.499,6042694.473,2134228.635,14.3,6.4,2,28.58,-3.81,2,0,11,0,0
1,704,884,1113433205300,16.817,1171.353,6042694.041,2134231.447,14.3,6.4,2,28.09,-6,2,0,11,0,0
1,705,884,1113433205400,16.815,1174.143,6042693.6,2134234.215,14.3,6.4,2,27.42,-7.57,2,0,11,0,0
1,706,884,1113433205500,16.81,1176.86,6042693.171,2134236.884,14.3,6.4,2,26.57,-9.4,2,0,11,0,0
1,707,884,1113433205600,16.808,1179.467,6042692.758,2134239.474,14.3,6.4,2,25.66,-9.13,2,0,11,0,0
1,708,884,1113433205700,16.806,1181.963,6042692.36,2134241.971,14.3,6.4,2,25,-5.16,2,0,11,0,0
1,709,884,1113433205800,16.821,1184.405,6042691.971,2134244.411,14.3,6.4,2,24.73,-0.09,2,0,11,0,0
1,710,884,1113433205900,16.838,1186.856,6042691.578,2134246.88,14.3,6.4,2,24.79,2.6,2,0,11,0,0
1,711,884,1113433206000,16.854,1189.366,6042691.184,2134249.349,14.3,6.4,2,24.87,-0.33,2,0,11,0,0
1,712,884,1113433206100,16.871,1191.89,6042690.786,2134251.847,14.3,6.4,2,24.54,-6.14,2,0,11,0,0
1,713,884,1113433206200,16.885,1194.347,6042690.392,2134254.304,14.3,6.4,2,23.69,-11.12,2,0,11,0,0
1,714,884,1113433206300,16.895,1196.652,6042690.023,2134256.58,14.3,6.4,2,22.5,-11.2,2,0,11,0,0
1,715,884,1113433206400,16.916,1198.847,6042689.684,2134258.748,14.3,6.4,2,21.31,-11.12,2,0,11,0,0
1,716,884,1113433206500,16.931,1200.89,6042689.369,2134260.735,14.3,6.4,2,20.46,-6.14,2,0,11,0,0
1,717,884,1113433206600,16.944,1202.875,6042689.059,2134262.681,14.3,6.4,2,20.05,-1.65,2,0,11,0,0
1,718,884,1113433206700,16.957,1204.855,6042688.744,2134264.656,14.3,6.4,2,19.95,0.39,2,0,11,0,0
1,719,884,1113433206800,16.97,1206.852,6042688.429,2134266.631,14.3,6.4,2,19.99,0.28,2,0,11,0,0
1,720,884,1113433206900,16.984,1208.854,6042688.115,2134268.606,14.3,6.4,2,20,0,2,0,11,0,0
1,721,884,1113433207000,16.998,1210.855,6042687.8,2134270.582,14.3,6.4,2,20,-0.02,2,0,11,0,0
1,722,884,1113433207100,17.011,1212.855,6042687.485,2134272.557,14.3,6.4,2,20,-0.02,2,0,11,0,0
1,723,884,1113433207200,17.024,1214.854,6042687.17,2134274.532,14.3,6.4,2,20,0,2,0,11,0,0
1,724,884,1113433207300,17.037,1216.854,6042686.855,2134276.507,14.3,6.4,2,20,0.02,2,0,11,0,0
1,725,884,1113433207400,17.051,1218.854,6042686.541,2134278.482,14.3,6.4,2,20.01,0.09,2,0,11,0,0
1,726,884,1113433207500,17.064,1220.855,6042686.226,2134280.457,14.3,6.4,2,20.01,0.07,2,0,11,0,0
1,727,884,1113433207600,17.104,1222.857,6042685.937,2134282.437,14.3,6.4,2,20.01,-0.04,2,0,11,0,0
1,728,884,1113433207700,17.046,1224.858,6042685.551,2134284.408,14.3,6.4,2,20,-0.16,2,0,11,0,0
1,729,884,1113433207800,16.953,1226.858,6042685.132,2134286.359,14.3,6.4,2,19.99,-0.12,2,0,11,0,0
1,730,884,1113433207900,16.768,1228.855,6042684.622,2134288.303,14.3,6.4,2,19.99,0.09,2,0,11,0,0
1,731,884,1113433208000,16.675,1230.854,6042684.203,2134290.254,14.3,6.4,2,20,0.15,2,0,11,0,0
1,732,884,1113433208100,16.617,1232.855,6042683.817,2134292.224,14.3,6.4,2,20.01,0.07,2,0,11,0,0
1,733,884,1113433208200,16.657,1234.857,6042683.528,2134294.204,14.3,6.4,2,20.01,-0.05,2,0,11,0,0
1,734,884,1113433208300,16.67,1236.858,6042683.213,2134296.18,14.3,6.4,2,20.01,-0.07,2,0,11,0,0
1,735,884,1113433208400,16.684,1238.858,6042682.899,2134298.155,14.3,6.4,2,20,0,2,0,11,0,0
1,736,884,1113433208500,16.697,1240.858,6042682.584,2134300.13,14.3,6.4,2,20,0,2,0,11,0,0
1,737,884,1113433208600,16.71,1242.859,6042682.269,2134302.105,14.3,6.4,2,19.99,-0.16,2,0,11,0,0
1,738,884,1113433208700,16.723,1244.858,6042681.954,2134304.08,14.3,6.4,2,19.97,-0.3,2,0,11,0,0
1,739,884,1113433208800,16.736,1246.847,6042681.639,2134306.055,14.3,6.4,2,20,0.65,2,0,11,0,0
1,740,884,1113433208900,16.752,1248.832,6042681.329,2134308.013,14.3,6.4,2,20.23,3.51,2,0,11,0,0
1,741,884,1113433209000,16.768,1250.849,6042681.017,2134309.988,14.3,6.4,2,20.76,7.21,2,0,11,0,0
1,742,884,1113433209100,16.772,1252.948,6042680.678,2134312.053,14.3,6.4,2,21.54,8.99,2,0,11,0,0
1,743,884,1113433209200,16.753,1255.157,6042680.296,2134314.235,14.3,6.4,2,22.32,7.23,2,0,11,0,0
1,744,884,1113433209300,16.71,1257.448,6042679.875,2134316.505,14.3,6.4,2,22.85,3.54,2,0,11,0,0
1,745,884,1113433209400,16.654,1259.772,6042679.438,2134318.792,14.3,6.4,2,23.09,0.67,2,0,11,0,0
1,746,884,1113433209500,16.597,1262.092,6042679.004,2134321.06,14.3,6.4,2,23.12,-0.31,2,0,11,0,0
1,747,884,1113433209600,16.543,1264.399,6042678.572,2134323.329,14.3,6.4,2,23.12,0.22,2,0,11,0,0
1,748,884,1113433209700,16.489,1266.709,6042678.14,2134325.597,14.3,6.4,2,23.17,0.71,2,0,11,0,0
1,749,884,1113433209800,16.435,1269.031,6042677.708,2134327.866,14.3,6.4,2,23.2,0.34,2,0,11,0,0
1,750,884,1113433209900,16.379,1271.357,6042677.276,2134330.135,14.3,6.4,2,23.2,-0.34,2,0,11,0,0
1,751,884,1113433210000,16.318,1273.679,6042676.844,2134332.403,14.3,6.4,2,23.17,-0.71,2,0,11,0,0
1,752,884,1113433210100,16.258,1275.991,6042676.412,2134334.672,14.3,6.4,2,23.11,-0.37,2,0,11,0,0
1,753,884,1113433210200,16.198,1278.297,6042675.98,2134336.941,14.3,6.4,2,23.09,0,2,0,11,0,0
1,754,884,1113433210300,16.138,1280.606,6042675.548,2134339.21,14.3,6.4,2,23.09,0,2,0,11,0,0
1,755,884,1113433210400,16.077,1282.913,6042675.116,2134341.478,14.3,6.4,2,23.1,0.16,2,0,11,0,0
1,756,884,1113433210500,16.017,1285.223,6042674.684,2134343.747,14.3,6.4,2,23.12,0.31,2,0,11,0,0
1,757,884,1113433210600,15.957,1287.543,6042674.252,2134346.016,14.3,6.4,2,23.09,-0.66,2,0,11,0,0
1,758,884,1113433210700,15.893,1289.867,6042673.814,2134348.302,14.3,6.4,2,22.86,-3.53,2,0,11,0,0
1,759,884,1113433210800,15.833,1292.161,6042673.382,2134350.571,14.3,6.4,2,22.3,-7.48,2,0,11,0,0
1,760,884,1113433210900,15.789,1294.367,6042672.981,2134352.751,14.3,6.4,2,21.5,-9.38,2,0,11,0,0
1,761,884,1113433211000,15.767,1296.447,6042672.622,2134354.813,14.3,6.4,2,20.81,-5.58,2,0,11,0,0
1,762,884,1113433211100,15.763,1298.448,6042672.3,2134356.756,14.3,6.4,2,20.7,2.62,2,0,11,0,0
1,763,884,1113433211200,15.763,1300.476,6042671.979,2134358.724,14.3,6.4,2,21.31,10.47,2,0,11,0,0
1,764,884,1113433211300,15.766,1302.663,6042671.627,2134360.89,14.3,6.4,2,22.47,11.2,2,0,11,0,0
1,765,884,1113433211400,15.752,1304.966,6042671.242,2134363.163,14.3,6.4,2,23.7,11.2,2,0,11,0,0
1,766,884,1113433211500,15.745,1307.424,6042670.833,2134365.617,14.3,6.4,2,24.57,6.36,2,0,11,0,0
1,767,884,1113433211600,15.739,1309.953,6042670.419,2134368.113,14.3,6.4,2,24.91,0.34,2,0,11,0,0
1,768,884,1113433211700,15.733,1312.482,6042670.005,2134370.608,14.3,6.4,2,24.71,-4.78,2,0,11,0,0
1,769,884,1113433211800,15.726,1314.95,6042669.6,2134373.046,14.3,6.4,2,24.1,-7.77,2,0,11,0,0
1,770,884,1113433211900,15.721,1317.32,6042669.211,2134375.392,14.3,6.4,2,23.37,-7.51,2,0,11,0,0
1,771,884,1113433212000,15.715,1319.592,6042668.839,2134377.635,14.3,6.4,2,22.88,-3.13,2,0,11,0,0
1,772,884,1113433212100,15.71,1321.823,6042668.479,2134379.801,14.3,6.4,2,22.88,3.1,2,0,11,0,0
1,773,884,1113433212200,15.704,1324.095,6042668.107,2134382.044,14.3,6.4,2,23.37,7.53,2,0,11,0,0
1,774,884,1113433212300,15.699,1326.465,6042667.718,2134384.389,14.3,6.4,2,24.1,7.8,2,0,11,0,0
1,775,884,1113433212400,15.693,1328.933,6042667.313,2134386.828,14.3,6.4,2,24.71,4.78,2,0,11,0,0
1,776,884,1113433212500,15.686,1331.462,6042666.899,2134389.323,14.3,6.4,2,24.92,-0.37,2,0,11,0,0
1,777,884,1113433212600,15.68,1333.993,6042666.485,2134391.818,14.3,6.4,2,24.56,-6.52,2,0,11,0,0
1,778,884,1113433212700,15.673,1336.447,6042666.076,2134394.273,14.3,6.4,2,23.69,-11.2,2,0,11,0,0
1,779,884,1113433212800,15.66,1338.757,6042665.691,2134396.546,14.3,6.4,2,22.55,-11.2,2,0,11,0,0
1,780,884,1113433212900,15.664,1340.931,6042665.344,2134398.696,14.3,6.4,2,21.63,-7.15,2,0,11,0,0
1,781,884,1113433213000,15.659,1343.005,6042665.012,2134400.696,14.3,6.4,2,21.34,1.06,2,0,11,0,0
1,782,884,1113433213100,15.654,1345.098,6042664.669,2134402.761,14.3,6.4,2,21.72,7.52,2,0,11,0,0
1,783,884,1113433213200,15.648,1347.301,6042664.309,2134404.928,14.3,6.4,2,22.43,8,2,0,11,0,0
1,784,884,1113433213300,15.643,1349.616,6042663.928,2134407.229,14.3,6.4,2,22.94,2.89,2,0,11,0,0
1,785,884,1113433213400,15.637,1351.966,6042663.538,2134409.576,14.3,6.4,2,22.93,-3.36,2,0,11,0,0
1,786,884,1113433213500,15.631,1354.263,6042663.163,2134411.836,14.3,6.4,2,22.52,-6.01,2,0,11,0,0
1,787,884,1113433213600,15.627,1356.464,6042662.802,2134414.015,14.3,6.4,2,22.14,-2.63,2,0,11,0,0
1,788,884,1113433213700,15.622,1358.635,6042662.455,2134416.108,14.3,6.4,2,22.09,2,2,0,11,0,0
1,789,884,1113433213800,15.616,1360.851,6042662.095,2134418.275,14.3,6.4,2,22.21,2,2,0,11,0,0
1,790,884,1113433213900,15.61,1363.112,6042661.717,2134420.548,14.3,6.4,2,22.12,-3.07,2,0,11,0,0
1,791,884,1113433214000,15.601,1365.344,6042661.353,2134422.745,14.3,6.4,2,21.62,-8.04,2,0,11,0,0
1,792,884,1113433214100,15.592,1367.456,6042661.005,2134424.839,14.3,6.4,2,20.98,-6.12,2,0,11,0,0
1,793,884,1113433214200,15.584,1369.474,6042660.678,2134426.811,14.3,6.4,2,20.8,1.71,2,0,11,0,0
1,794,884,1113433214300,15.579,1371.508,6042660.356,2134428.767,14.3,6.4,2,21.34,9.81,2,0,11,0,0
1,795,884,1113433214400,15.577,1373.69,6042660.004,2134430.933,14.3,6.4,2,22.46,11.2,2,0,11,0,0
1,796,884,1113433214500,15.56,1375.991,6042659.619,2134433.206,14.3,6.4,2,23.68,11.2,2,0,11,0,0
1,797,884,1113433214600,15.549,1378.446,6042659.21,2134435.66,14.3,6.4,2,24.55,6.39,2,0,11,0,0
1,798,884,1113433214700,15.539,1380.964,6042658.796,2134438.156,14.3,6.4,2,24.99,1.88,2,0,11,0,0
1,799,884,1113433214800,15.529,1383.5,6042658.387,2134440.622,14.3,6.4,2,24.99,-1.92,2,0,11,0,0
1,800,884,1113433214900,15.519,1386.009,6042657.973,2134443.117,14.3,6.4,2,24.64,-4.9,2,0,11,0,0
1,801,884,1113433215000,15.508,1388.457,6042657.568,2134445.556,14.3,6.4,2,24.13,-6.12,2,0,11,0,0
1,802,884,1113433215100,15.498,1390.821,6042657.183,2134447.872,14.3,6.4,2,23.73,-2.9,2,0,11,0,0
1,803,884,1113433215200,15.49,1393.131,6042656.807,2134450.143,14.3,6.4,2,23.82,4.41,2,0,11,0,0
1,804,884,1113433215300,15.482,1395.495,6042656.427,2134452.443,14.3,6.4,2,24.52,10.33,2,0,11,0,0
1,805,884,1113433215400,15.472,1397.995,6042656.018,2134454.909,14.3,6.4,2,25.48,10.33,2,0,11,0,0
1,806,884,1113433215500,15.459,1400.631,6042655.579,2134457.541,14.3,6.4,2,26.18,4.42,2,0,11,0,0
1,807,884,1113433215600,15.448,1403.323,6042655.137,2134460.204,14.3,6.4,2,26.26,-3.16,2,0,11,0,0
1,808,884,1113433215700,15.438,1405.956,6042654.703,2134462.82,14.3,6.4,2,25.84,-6.38,2,0,11,0,0
1,809,884,1113433215800,15.427,1408.49,6042654.289,2134465.314,14.3,6.4,2,25.43,-3.09,2,0,11,0,0
1,810,884,1113433215900,15.417,1410.978,6042653.889,2134467.722,14.3,6.4,2,25.43,3.1,2,0,11,0,0
1,811,884,1113433216000,15.407,1413.512,6042653.475,2134470.217,14.3,6.4,2,25.83,6.21,2,0,11,0,0
1,812,884,1113433216100,15.396,1416.143,6042653.041,2134472.833,14.3,6.4,2,26.24,3.11,2,0,11,0,0
1,813,884,1113433216200,15.386,1418.825,6042652.6,2134475.495,14.3,6.4,2,26.24,-3.14,2,0,11,0,0
1,814,884,1113433216300,15.376,1421.456,6042652.166,2134478.111,14.3,6.4,2,25.82,-6.37,2,0,11,0,0
1,815,884,1113433216400,15.365,1423.987,6042651.752,2134480.605,14.3,6.4,2,25.42,-3,2,0,11,0,0
1,816,884,1113433216500,15.355,1426.463,6042651.352,2134483.013,14.3,6.4,2,25.54,4.99,2,0,11,0,0
1,817,884,1113433216600,15.347,1429,6042650.943,2134485.491,14.3,6.4,2,26.31,11.2,2,0,11,0,0
1,818,884,1113433216700,15.344,1431.691,6042650.509,2134488.151,14.3,6.4,2,27.3,10.11,2,0,11,0,0
1,819,884,1113433216800,15.323,1434.531,6042650.033,2134490.962,14.3,6.4,2,27.78,0.64,2,0,11,0,0
1,820,884,1113433216900,15.302,1437.378,6042649.546,2134493.84,14.3,6.4,2,27.4,-9.11,2,0,11,0,0
1,821,884,1113433217000,15.292,1440.087,6042649.105,2134496.505,14.3,6.4,2,26.54,-10.43,2,0,11,0,0
1,822,884,1113433217100,15.29,1442.637,6042648.698,2134499.005,14.3,6.4,2,26,-1.78,2,0,11,0,0
1,823,884,1113433217200,15.285,1445.16,6042648.294,2134501.448,14.3,6.4,2,26.28,8.29,2,0,11,0,0
1,824,884,1113433217300,15.279,1447.808,6042647.862,2134504.062,14.3,6.4,2,27.13,10.69,2,0,11,0,0
1,825,884,1113433217400,15.27,1450.611,6042647.394,2134506.867,14.3,6.4,2,27.83,4.53,2,0,11,0,0
1,826,884,1113433217500,15.261,1453.479,6042646.922,2134509.707,14.3,6.4,2,27.84,-4.58,2,0,11,0,0
1,827,884,1113433217600,15.253,1456.273,6042646.461,2134512.482,14.3,6.4,2,27.22,-9.1,2,0,11,0,0
1,828,884,1113433217700,15.248,1458.934,6042646.027,2134515.105,14.3,6.4,2,26.53,-6.19,2,0,11,0,0
1,829,884,1113433217800,15.241,1461.509,6042645.613,2134517.598,14.3,6.4,2,26.3,1.3,2,0,11,0,0
1,830,884,1113433217900,15.233,1464.101,6042645.188,2134520.156,14.3,6.4,2,26.71,7.68,2,0,11,0,0
1,831,884,1113433218000,15.227,1466.803,6042644.747,2134522.817,14.3,6.4,2,27.44,8.19,2,0,11,0,0
1,832,884,1113433218100,15.219,1469.621,6042644.283,2134525.611,14.3,6.4,2,27.96,2.97,2,0,11,0,0
1,833,884,1113433218200,15.212,1472.482,6042643.812,2134528.451,14.3,6.4,2,27.87,-4.67,2,0,11,0,0
1,834,884,1113433218300,15.204,1475.287,6042643.351,2134531.226,14.3,6.4,2,27.15,-10.44,2,0,11,0,0
1,835,884,1113433218400,15.196,1477.952,6042642.912,2134533.865,14.3,6.4,2,26.18,-10.37,2,0,11,0,0
1,836,884,1113433218500,15.191,1480.48,6042642.502,2134536.343,14.3,6.4,2,25.49,-4.34,2,0,11,0,0
1,837,884,1113433218600,15.185,1482.959,6042642.103,2134538.752,14.3,6.4,2,25.4,2.9,2,0,11,0,0
1,838,884,1113433218700,15.178,1485.488,6042641.689,2134541.246,14.3,6.4,2,25.78,6.13,2,0,11,0,0
1,839,884,1113433218800,15.171,1488.104,6042641.255,2134543.862,14.3,6.4,2,26.3,4.67,2,0,11,0,0
1,840,884,1113433218900,15.164,1490.777,6042640.818,2134546.495,14.3,6.4,2,26.63,1.77,2,0,11,0,0
1,841,884,1113433219000,15.157,1493.462,6042640.379,2134549.139,14.3,6.4,2,26.73,0,2,0,11,0,0
1,842,884,1113433219100,15.15,1496.147,6042639.94,2134551.783,14.3,6.4,2,26.63,-1.76,2,0,11,0,0
1,843,884,1113433219200,15.144,1498.819,6042639.504,2134554.416,14.3,6.4,2,26.31,-4.41,2,0,11,0,0
1,844,884,1113433219300,15.137,1501.437,6042639.07,2134557.032,14.3,6.4,2,25.83,-5.76,2,0,11,0,0
1,845,884,1113433219400,15.129,1503.985,6042638.655,2134559.527,14.3,6.4,2,25.36,-4.4,2,0,11,0,0
1,846,884,1113433219500,15.123,1506.48,6042638.251,2134561.964,14.3,6.4,2,25.05,-1.55,2,0,11,0,0
1,847,884,1113433219600,15.117,1508.964,6042637.842,2134564.43,14.3,6.4,2,24.96,0.24,2,0,11,0,0
1,848,884,1113433219700,15.11,1511.461,6042637.433,2134566.896,14.3,6.4,2,24.98,0.25,2,0,11,0,0
1,849,884,1113433219800,15.103,1513.962,6042637.023,2134569.363,14.3,6.4,2,25,0,2,0,11,0,0
1,850,884,1113433219900,15.097,1516.462,6042636.614,2134571.829,14.3,6.4,2,25,0,2,0,11,0,0
1,851,884,1113433220000,15.091,1518.964,6042636.205,2134574.295,14.3,6.4,2,24.98,-0.25,2,0,11,0,0
1,852,884,1113433220100,15.084,1521.462,6042635.796,2134576.762,14.3,6.4,2,24.95,-0.38,2,0,11,0,0
1,853,884,1113433220200,15.077,1523.942,6042635.386,2134579.228,14.3,6.4,2,25.05,1.62,2,0,11,0,0
1,854,884,1113433220300,15.071,1526.427,6042634.982,2134581.665,14.3,6.4,2,25.46,6.12,2,0,11,0,0
1,855,884,1113433220400,15.071,1528.969,6042634.577,2134584.143,14.3,6.4,2,26.3,11.1,2,0,11,0,0
1,856,884,1113433220500,15.064,1531.665,6042634.137,2134586.8,14.3,6.4,2,27.51,11.2,2,0,11,0,0
1,857,884,1113433220600,15.027,1534.474,6042633.648,2134589.564,14.3,6.4,2,28.75,11.2,2,0,11,0,0
1,858,884,1113433220700,14.996,1537.436,6042633.136,2134592.507,14.3,6.4,2,29.62,6.33,2,0,11,0,0
1,859,884,1113433220800,14.982,1540.464,6042632.636,2134595.492,14.3,6.4,2,30.03,1.23,2,0,11,0,0
1,860,884,1113433220900,14.988,1543.491,6042632.167,2134598.451,14.3,6.4,2,30.08,-1.09,2,0,11,0,0
1,861,884,1113433221000,15.005,1546.491,6042631.709,2134601.411,14.3,6.4,2,29.99,-0.62,2,0,11,0,0
1,862,884,1113433221100,15.015,1549.482,6042631.244,2134604.37,14.3,6.4,2,29.95,0,2,0,11,0,0
1,863,884,1113433221200,15.026,1552.477,6042630.78,2134607.329,14.3,6.4,2,29.95,0,2,0,11,0,0
1,864,884,1113433221300,15.036,1555.468,6042630.315,2134610.288,14.3,6.4,2,29.99,0.63,2,0,11,0,0
1,865,884,1113433221400,15.047,1558.482,6042629.851,2134613.247,14.3,6.4,2,29.96,-0.88,2,0,11,0,0
1,866,884,1113433221500,15.057,1561.508,6042629.386,2134616.206,14.3,6.4,2,29.52,-6.6,2,0,11,0,0
1,867,884,1113433221600,15.063,1564.444,6042628.905,2134619.237,14.3,6.4,2,28.51,-11.2,2,0,11,0,0
1,868,884,1113433221700,15.145,1567.211,6042628.549,2134621.972,14.3,6.4,2,27.01,-11.2,2,0,11,0,0
1,869,884,1113433221800,15.258,1569.843,6042628.246,2134624.572,14.3,6.4,2,25.47,-11.2,2,0,11,0,0
1,870,884,1113433221900,15.444,1572.296,6042628.049,2134626.971,14.3,6.4,2,24.53,-5.35,2,0,11,0,0
1,871,884,1113433222000,15.551,1574.681,6042627.786,2134629.284,14.3,6.4,2,24.24,0.75,2,0,11,0,0
1,872,884,1113433222100,15.65,1577.099,6042627.495,2134631.72,14.3,6.4,2,24.27,1.42,2,0,11,0,0
1,873,884,1113433222200,15.642,1579.539,6042627.089,2134634.2,14.3,6.4,2,24.4,0.32,2,0,11,0,0
1,874,884,1113433222300,15.658,1581.971,6042626.728,2134636.549,14.3,6.4,2,24.6,2.5,2,0,11,0,0
1,875,884,1113433222400,15.675,1584.414,6042626.362,2134638.934,14.3,6.4,2,25.05,6.99,2,0,11,0,0
1,876,884,1113433222500,15.692,1586.936,6042625.973,2134641.462,14.3,6.4,2,25.81,9.06,2,0,11,0,0
1,877,884,1113433222600,15.71,1589.574,6042625.575,2134644.054,14.3,6.4,2,26.62,7.3,2,0,11,0,0
1,878,884,1113433222700,15.728,1592.293,6042625.161,2134646.749,14.3,6.4,2,27.18,4.14,2,0,11,0,0
1,879,884,1113433222800,15.747,1595.052,6042624.74,2134649.491,14.3,6.4,2,27.44,1.04,2,0,11,0,0
1,880,884,1113433222900,15.766,1597.813,6042624.322,2134652.214,14.3,6.4,2,27.5,-0.45,2,0,11,0,0
1,881,884,1113433223000,15.785,1600.552,6042623.905,2134654.927,14.3,6.4,2,27.55,1.05,2,0,11,0,0
1,882,884,1113433223100,15.804,1603.289,6042623.492,2134657.622,14.3,6.4,2,27.85,4.66,2,0,11,0,0
1,883,884,1113433223200,15.823,1606.078,6042623.071,2134660.363,14.3,6.4,2,28.45,7.65,2,0,11,0,0
1,884,884,1113433223300,15.843,1608.971,6042622.634,2134663.207,14.3,6.4,2,29.06,5.8,2,0,11,0,0
1,885,884,1113433223400,15.863,1611.953,6042622.178,2134666.173,14.3,6.4,2,29.21,-1.72,2,0,11,0,0
1,886,884,1113433223500,15.882,1614.914,6042621.718,2134669.156,14.3,6.4,2,28.72,-9,2,0,11,0,0
1,887,884,1113433223600,15.902,1617.745,6042621.29,2134671.948,14.3,6.4,2,27.94,-8.7,2,0,11,0,0
1,888,884,1113433223700,15.921,1620.441,6042620.888,2134674.575,14.3,6.4,2,27.56,0,2,0,11,0,0
1,889,884,1113433223800,15.941,1623.137,6042620.486,2134677.202,14.3,6.4,2,27.95,8.84,2,0,11,0,0
1,890,884,1113433223900,15.961,1625.962,6042620.058,2134679.994,14.3,6.4,2,28.8,10.19,2,0,11,0,0
1,891,884,1113433224000,15.98,1628.95,6042619.598,2134682.976,14.3,6.4,2,29.3,1.2,2,0,11,0,0
1,892,884,1113433224100,15.998,1631.965,6042619.138,2134685.959,14.3,6.4,2,28.77,-11.2,2,0,11,0,0
1,893,884,1113433224200,16.021,1634.941,6042618.687,2134688.907,14.3,6.4,2,28.77,0,2,0,11,0,0
1,894,884,1113433224300,16.037,1637.441,6042618.307,2134691.378,14.3,6.4,2,28.77,0,2,0,11,0,0
1,895,884,1113433224400,16.055,1639.941,6042617.928,2134693.849,14.3,6.4,2,28.77,0,2,0,11,0,0